transaction_id,user_id,date,amount,category,type,on_time
TXN000001,UPL_001,2024-10-01,65262.85,Salary,Credit,
TXN000002,UPL_001,2024-10-05,3436.77,Rent,Debit,True
TXN000003,UPL_001,2024-10-06,11455.89,EMI,Debit,True
TXN000004,UPL_001,2024-10-15,526.93,Utility,Debit,False
TXN000005,UPL_001,2024-10-20,523.2,Utility,Debit,False
TXN000006,UPL_001,2024-10-18,800.61,Food,Debit,
TXN000007,UPL_001,2024-10-07,1323.16,Food,Debit,
TXN000008,UPL_001,2024-10-07,1026.6,Food,Debit,
TXN000009,UPL_001,2024-10-26,11125.9,Discretionary,Debit,
TXN000010,UPL_001,2024-10-18,7967.26,Transport,Debit,
TXN000011,UPL_001,2024-11-01,65262.85,Salary,Credit,
TXN000012,UPL_001,2024-11-04,4005.8,Rent,Debit,True
TXN000013,UPL_001,2024-11-12,13352.67,EMI,Debit,True
TXN000014,UPL_001,2024-11-18,549.51,Utility,Debit,True
TXN000015,UPL_001,2024-11-22,674.49,Utility,Debit,True
TXN000016,UPL_001,2024-11-19,763.63,Food,Debit,
TXN000017,UPL_001,2024-11-01,1665.47,Food,Debit,
TXN000018,UPL_001,2024-11-25,1242.88,Food,Debit,
TXN000019,UPL_001,2024-11-18,8521.93,Transport,Debit,
TXN000020,UPL_001,2024-11-06,8424.2,Transport,Debit,
TXN000021,UPL_001,2024-11-11,5308.32,Transport,Debit,
TXN000022,UPL_001,2024-12-02,65262.85,Salary,Credit,
TXN000023,UPL_001,2024-12-02,3105.31,Rent,Debit,True
TXN000024,UPL_001,2024-12-09,10351.04,EMI,Debit,True
TXN000025,UPL_001,2024-12-08,410.4,Utility,Debit,True
TXN000026,UPL_001,2024-12-12,538.44,Utility,Debit,True
TXN000027,UPL_001,2024-12-19,1017.0,Food,Debit,
TXN000028,UPL_001,2024-12-01,970.59,Food,Debit,
TXN000029,UPL_001,2024-12-17,858.95,Food,Debit,
TXN000030,UPL_001,2024-12-21,5473.21,Transport,Debit,
TXN000031,UPL_001,2024-12-28,3214.53,Discretionary,Debit,
TXN000032,UPL_001,2024-12-09,4262.6,Discretionary,Debit,
TXN000033,UPL_001,2024-12-04,4301.39,Transport,Debit,
TXN000034,UPL_001,2025-01-01,65262.85,Salary,Credit,
TXN000035,UPL_001,2025-01-02,3953.93,Rent,Debit,True
TXN000036,UPL_001,2025-01-08,13179.78,EMI,Debit,True
TXN000037,UPL_001,2025-01-12,423.35,Utility,Debit,True
TXN000038,UPL_001,2025-01-18,784.8,Utility,Debit,True
TXN000039,UPL_001,2025-01-25,834.22,Food,Debit,
TXN000040,UPL_001,2025-01-15,1855.16,Food,Debit,
TXN000041,UPL_001,2025-01-26,935.06,Food,Debit,
TXN000042,UPL_001,2025-01-08,7991.06,Transport,Debit,
TXN000043,UPL_001,2025-01-11,13975.24,Discretionary,Debit,
TXN000044,UPL_001,2025-02-01,65262.85,Salary,Credit,
TXN000045,UPL_001,2025-02-03,3905.32,Rent,Debit,True
TXN000046,UPL_001,2025-02-10,13017.72,EMI,Debit,True
TXN000047,UPL_001,2025-02-10,670.79,Utility,Debit,False
TXN000048,UPL_001,2025-02-12,522.5,Utility,Debit,True
TXN000049,UPL_001,2025-02-14,1111.35,Food,Debit,
TXN000050,UPL_001,2025-02-11,1232.48,Food,Debit,
TXN000051,UPL_001,2025-02-11,1236.04,Food,Debit,
TXN000052,UPL_001,2025-02-28,10128.5,Discretionary,Debit,
TXN000053,UPL_001,2025-02-09,11567.7,Discretionary,Debit,
TXN000054,UPL_001,2025-03-02,65262.85,Salary,Credit,
TXN000055,UPL_001,2025-03-02,3259.25,Rent,Debit,True
TXN000056,UPL_001,2025-03-07,10864.18,EMI,Debit,True
TXN000057,UPL_001,2025-03-16,649.14,Utility,Debit,True
TXN000058,UPL_001,2025-03-09,346.75,Utility,Debit,True
TXN000059,UPL_001,2025-03-19,522.4,Food,Debit,
TXN000060,UPL_001,2025-03-20,1116.73,Food,Debit,
TXN000061,UPL_001,2025-03-11,1348.52,Food,Debit,
TXN000062,UPL_001,2025-03-21,5821.99,Discretionary,Debit,
TXN000063,UPL_001,2025-03-21,6113.24,Transport,Debit,
TXN000064,UPL_001,2025-03-18,6171.73,Transport,Debit,
TXN000065,UPL_001,2025-04-03,65262.85,Salary,Credit,
TXN000066,UPL_001,2025-04-05,3795.12,Rent,Debit,True
TXN000067,UPL_001,2025-04-10,12650.39,EMI,Debit,True
TXN000068,UPL_001,2025-04-09,473.65,Utility,Debit,True
TXN000069,UPL_001,2025-04-22,685.96,Utility,Debit,True
TXN000070,UPL_001,2025-04-22,1388.18,Food,Debit,
TXN000071,UPL_001,2025-04-27,1395.61,Food,Debit,
TXN000072,UPL_001,2025-04-13,695.07,Food,Debit,
TXN000073,UPL_001,2025-04-28,8008.73,Transport,Debit,
TXN000074,UPL_001,2025-04-03,5085.76,Discretionary,Debit,
TXN000075,UPL_001,2025-04-17,7989.49,Transport,Debit,
TXN000076,UPL_001,2025-05-02,65262.85,Salary,Credit,
TXN000077,UPL_001,2025-05-01,3567.25,Rent,Debit,True
TXN000078,UPL_001,2025-05-10,11890.84,EMI,Debit,True
TXN000079,UPL_001,2025-05-12,634.21,Utility,Debit,True
TXN000080,UPL_001,2025-05-22,455.78,Utility,Debit,False
TXN000081,UPL_001,2025-05-16,1004.11,Food,Debit,
TXN000082,UPL_001,2025-05-01,1241.9,Food,Debit,
TXN000083,UPL_001,2025-05-24,1023.97,Food,Debit,
TXN000084,UPL_001,2025-05-01,7488.79,Transport,Debit,
TXN000085,UPL_001,2025-05-10,4761.18,Transport,Debit,
TXN000086,UPL_001,2025-05-02,4512.63,Discretionary,Debit,
TXN000087,UPL_001,2025-05-28,3055.46,Transport,Debit,
TXN000088,UPL_001,2025-06-03,65262.85,Salary,Credit,
TXN000089,UPL_001,2025-06-03,3357.34,Rent,Debit,True
TXN000090,UPL_001,2025-06-07,11191.15,EMI,Debit,True
TXN000091,UPL_001,2025-06-23,648.58,Utility,Debit,False
TXN000092,UPL_001,2025-06-23,377.27,Utility,Debit,False
TXN000093,UPL_001,2025-06-14,653.74,Food,Debit,
TXN000094,UPL_001,2025-06-24,1036.51,Food,Debit,
TXN000095,UPL_001,2025-06-09,1387.31,Food,Debit,
TXN000096,UPL_001,2025-06-09,8267.75,Discretionary,Debit,
TXN000097,UPL_001,2025-06-02,10384.16,Transport,Debit,
TXN000098,UPL_001,2025-07-03,65262.85,Salary,Credit,
TXN000099,UPL_001,2025-07-04,3577.41,Rent,Debit,True
TXN000100,UPL_001,2025-07-08,11924.69,EMI,Debit,True
TXN000101,UPL_001,2025-07-18,475.7,Utility,Debit,False
TXN000102,UPL_001,2025-07-17,617.4,Utility,Debit,True
TXN000103,UPL_001,2025-07-12,964.74,Food,Debit,
TXN000104,UPL_001,2025-07-05,1398.84,Food,Debit,
TXN000105,UPL_001,2025-07-09,915.72,Food,Debit,
TXN000106,UPL_001,2025-07-03,8531.72,Discretionary,Debit,
TXN000107,UPL_001,2025-07-23,7301.74,Discretionary,Debit,
TXN000108,UPL_001,2025-07-05,4041.01,Discretionary,Debit,
TXN000109,UPL_001,2025-08-01,65262.85,Salary,Credit,
TXN000110,UPL_001,2025-08-05,3509.28,Rent,Debit,True
TXN000111,UPL_001,2025-08-07,11697.6,EMI,Debit,True
TXN000112,UPL_001,2025-08-12,327.9,Utility,Debit,True
TXN000113,UPL_001,2025-08-10,744.38,Utility,Debit,True
TXN000114,UPL_001,2025-08-23,950.36,Food,Debit,
TXN000115,UPL_001,2025-08-14,1167.92,Food,Debit,
TXN000116,UPL_001,2025-08-16,1098.56,Food,Debit,
TXN000117,UPL_001,2025-08-07,6371.84,Discretionary,Debit,
TXN000118,UPL_001,2025-08-10,13124.16,Discretionary,Debit,
TXN000119,UPL_001,2025-09-02,65262.85,Salary,Credit,
TXN000120,UPL_001,2025-09-02,3340.46,Rent,Debit,True
TXN000121,UPL_001,2025-09-10,11134.87,EMI,Debit,True
TXN000122,UPL_001,2025-09-11,502.91,Utility,Debit,True
TXN000123,UPL_001,2025-09-09,517.79,Utility,Debit,True
TXN000124,UPL_001,2025-09-18,813.44,Food,Debit,
TXN000125,UPL_001,2025-09-07,1169.39,Food,Debit,
TXN000126,UPL_001,2025-09-16,1079.26,Food,Debit,
TXN000127,UPL_001,2025-09-27,3850.12,Transport,Debit,
TXN000128,UPL_001,2025-09-15,6156.25,Discretionary,Debit,
TXN000129,UPL_001,2025-09-27,4775.8,Discretionary,Debit,
TXN000130,UPL_001,2025-09-12,3775.94,Discretionary,Debit,
TXN000131,UPL_002,2024-10-01,133075.87,Salary,Credit,
TXN000132,UPL_002,2024-10-03,8059.86,Rent,Debit,True
TXN000133,UPL_002,2024-10-09,26866.2,EMI,Debit,True
TXN000134,UPL_002,2024-10-10,1492.89,Utility,Debit,True
TXN000135,UPL_002,2024-10-14,969.84,Utility,Debit,True
TXN000136,UPL_002,2024-10-12,2306.73,Food,Debit,
TXN000137,UPL_002,2024-10-22,1741.91,Food,Debit,
TXN000138,UPL_002,2024-10-21,3339.56,Food,Debit,
TXN000139,UPL_002,2024-10-04,15776.45,Discretionary,Debit,
TXN000140,UPL_002,2024-10-15,15829.81,Discretionary,Debit,
TXN000141,UPL_002,2024-10-19,8425.81,Discretionary,Debit,
TXN000142,UPL_002,2024-10-24,12532.24,Transport,Debit,
TXN000143,UPL_002,2024-11-03,133075.87,Salary,Credit,
TXN000144,UPL_002,2024-11-02,7998.76,Rent,Debit,True
TXN000145,UPL_002,2024-11-08,26662.55,EMI,Debit,True
TXN000146,UPL_002,2024-11-13,1398.59,Utility,Debit,True
TXN000147,UPL_002,2024-11-11,1045.47,Utility,Debit,True
TXN000148,UPL_002,2024-11-19,3527.94,Food,Debit,
TXN000149,UPL_002,2024-11-21,1931.91,Food,Debit,
TXN000150,UPL_002,2024-11-21,1872.35,Food,Debit,
TXN000151,UPL_002,2024-11-05,20944.69,Transport,Debit,
TXN000152,UPL_002,2024-11-05,31221.17,Discretionary,Debit,
TXN000153,UPL_002,2024-12-01,133075.87,Salary,Credit,
TXN000154,UPL_002,2024-12-04,7085.65,Rent,Debit,True
TXN000155,UPL_002,2024-12-12,23618.83,EMI,Debit,True
TXN000156,UPL_002,2024-12-19,1342.43,Utility,Debit,True
TXN000157,UPL_002,2024-12-24,822.63,Utility,Debit,True
TXN000158,UPL_002,2024-12-10,2136.37,Food,Debit,
TXN000159,UPL_002,2024-12-18,2014.34,Food,Debit,
TXN000160,UPL_002,2024-12-22,2344.48,Food,Debit,
TXN000161,UPL_002,2024-12-26,23520.54,Discretionary,Debit,
TXN000162,UPL_002,2024-12-22,22690.22,Discretionary,Debit,
TXN000163,UPL_002,2025-01-03,133075.87,Salary,Credit,
TXN000164,UPL_002,2025-01-03,6483.94,Rent,Debit,True
TXN000165,UPL_002,2025-01-09,21613.13,EMI,Debit,False
TXN000166,UPL_002,2025-01-17,635.38,Utility,Debit,True
TXN000167,UPL_002,2025-01-12,1345.82,Utility,Debit,True
TXN000168,UPL_002,2025-01-26,1089.56,Food,Debit,
TXN000169,UPL_002,2025-01-11,2389.19,Food,Debit,
TXN000170,UPL_002,2025-01-12,2464.87,Food,Debit,
TXN000171,UPL_002,2025-01-17,9361.82,Discretionary,Debit,
TXN000172,UPL_002,2025-01-16,17639.41,Transport,Debit,
TXN000173,UPL_002,2025-01-14,15285.34,Discretionary,Debit,
TXN000174,UPL_002,2025-02-01,133075.87,Salary,Credit,
TXN000175,UPL_002,2025-02-03,7097.69,Rent,Debit,True
TXN000176,UPL_002,2025-02-06,23658.98,EMI,Debit,True
TXN000177,UPL_002,2025-02-19,1248.97,Utility,Debit,True
TXN000178,UPL_002,2025-02-22,919.77,Utility,Debit,True
TXN000179,UPL_002,2025-02-04,1675.62,Food,Debit,
TXN000180,UPL_002,2025-02-14,2826.32,Food,Debit,
TXN000181,UPL_002,2025-02-19,2004.28,Food,Debit,
TXN000182,UPL_002,2025-02-11,26407.62,Transport,Debit,
TXN000183,UPL_002,2025-02-21,19881.69,Transport,Debit,
TXN000184,UPL_002,2025-03-03,133075.87,Salary,Credit,
TXN000185,UPL_002,2025-03-04,7674.76,Rent,Debit,False
TXN000186,UPL_002,2025-03-08,25582.54,EMI,Debit,False
TXN000187,UPL_002,2025-03-08,1377.35,Utility,Debit,False
TXN000188,UPL_002,2025-03-22,967.71,Utility,Debit,False
TXN000189,UPL_002,2025-03-28,2642.03,Food,Debit,
TXN000190,UPL_002,2025-03-08,1231.01,Food,Debit,
TXN000191,UPL_002,2025-03-03,3162.16,Food,Debit,
TXN000192,UPL_002,2025-03-12,10337.2,Transport,Debit,
TXN000193,UPL_002,2025-03-24,19107.78,Discretionary,Debit,
TXN000194,UPL_002,2025-03-13,13202.91,Discretionary,Debit,
TXN000195,UPL_002,2025-03-05,7404.9,Transport,Debit,
TXN000196,UPL_002,2025-04-02,133075.87,Salary,Credit,
TXN000197,UPL_002,2025-04-04,8259.36,Rent,Debit,False
TXN000198,UPL_002,2025-04-12,27531.21,EMI,Debit,False
TXN000199,UPL_002,2025-04-14,1172.71,Utility,Debit,True
TXN000200,UPL_002,2025-04-23,1350.98,Utility,Debit,True
TXN000201,UPL_002,2025-04-18,2874.75,Food,Debit,
TXN000202,UPL_002,2025-04-17,2730.61,Food,Debit,
TXN000203,UPL_002,2025-04-08,1965.72,Food,Debit,
TXN000204,UPL_002,2025-04-18,16910.0,Discretionary,Debit,
TXN000205,UPL_002,2025-04-13,15453.19,Discretionary,Debit,
TXN000206,UPL_002,2025-04-02,21502.22,Transport,Debit,
TXN000207,UPL_002,2025-05-01,133075.87,Salary,Credit,
TXN000208,UPL_002,2025-05-04,7558.14,Rent,Debit,True
TXN000209,UPL_002,2025-05-05,25193.8,EMI,Debit,True
TXN000210,UPL_002,2025-05-09,989.81,Utility,Debit,True
TXN000211,UPL_002,2025-05-17,1319.62,Utility,Debit,True
TXN000212,UPL_002,2025-05-26,2955.98,Food,Debit,
TXN000213,UPL_002,2025-05-28,2202.18,Food,Debit,
TXN000214,UPL_002,2025-05-10,1770.13,Food,Debit,
TXN000215,UPL_002,2025-05-20,10498.35,Transport,Debit,
TXN000216,UPL_002,2025-05-19,19930.86,Transport,Debit,
TXN000217,UPL_002,2025-05-05,8180.28,Transport,Debit,
TXN000218,UPL_002,2025-05-06,10682.73,Transport,Debit,
TXN000219,UPL_002,2025-06-02,133075.87,Salary,Credit,
TXN000220,UPL_002,2025-06-03,6669.5,Rent,Debit,True
TXN000221,UPL_002,2025-06-06,22231.68,EMI,Debit,False
TXN000222,UPL_002,2025-06-13,620.0,Utility,Debit,True
TXN000223,UPL_002,2025-06-12,1417.9,Utility,Debit,True
TXN000224,UPL_002,2025-06-21,2800.78,Food,Debit,
TXN000225,UPL_002,2025-06-14,1442.94,Food,Debit,
TXN000226,UPL_002,2025-06-20,1869.99,Food,Debit,
TXN000227,UPL_002,2025-06-23,28272.01,Discretionary,Debit,
TXN000228,UPL_002,2025-06-17,15224.76,Discretionary,Debit,
TXN000229,UPL_002,2025-07-01,133075.87,Salary,Credit,
TXN000230,UPL_002,2025-07-03,6374.87,Rent,Debit,True
TXN000231,UPL_002,2025-07-05,21249.57,EMI,Debit,True
TXN000232,UPL_002,2025-07-22,898.64,Utility,Debit,True
TXN000233,UPL_002,2025-07-21,1049.24,Utility,Debit,True
TXN000234,UPL_002,2025-07-11,1734.1,Food,Debit,
TXN000235,UPL_002,2025-07-01,1803.5,Food,Debit,
TXN000236,UPL_002,2025-07-07,2306.02,Food,Debit,
TXN000237,UPL_002,2025-07-21,19151.93,Discretionary,Debit,
TXN000238,UPL_002,2025-07-27,11125.88,Transport,Debit,
TXN000239,UPL_002,2025-07-05,11297.43,Transport,Debit,
TXN000240,UPL_002,2025-08-02,133075.87,Salary,Credit,
TXN000241,UPL_002,2025-08-05,7383.46,Rent,Debit,False
TXN000242,UPL_002,2025-08-10,24611.52,EMI,Debit,True
TXN000243,UPL_002,2025-08-20,1247.62,Utility,Debit,False
TXN000244,UPL_002,2025-08-21,1008.44,Utility,Debit,True
TXN000245,UPL_002,2025-08-13,1544.71,Food,Debit,
TXN000246,UPL_002,2025-08-22,1872.46,Food,Debit,
TXN000247,UPL_002,2025-08-23,3350.99,Food,Debit,
TXN000248,UPL_002,2025-08-24,12816.1,Transport,Debit,
TXN000249,UPL_002,2025-08-01,21799.46,Transport,Debit,
TXN000250,UPL_002,2025-08-19,13537.42,Discretionary,Debit,
TXN000251,UPL_002,2025-09-02,133075.87,Salary,Credit,
TXN000252,UPL_002,2025-09-05,7394.09,Rent,Debit,True
TXN000253,UPL_002,2025-09-06,24646.95,EMI,Debit,True
TXN000254,UPL_002,2025-09-16,873.7,Utility,Debit,True
TXN000255,UPL_002,2025-09-10,1385.6,Utility,Debit,True
TXN000256,UPL_002,2025-09-28,2315.05,Food,Debit,
TXN000257,UPL_002,2025-09-16,2649.2,Food,Debit,
TXN000258,UPL_002,2025-09-25,1813.66,Food,Debit,
TXN000259,UPL_002,2025-09-03,13698.65,Discretionary,Debit,
TXN000260,UPL_002,2025-09-08,15642.35,Discretionary,Debit,
TXN000261,UPL_002,2025-09-15,18881.3,Discretionary,Debit,
TXN000262,UPL_003,2024-10-01,121079.6,Salary,Credit,
TXN000263,UPL_003,2024-10-01,7259.54,Rent,Debit,True
TXN000264,UPL_003,2024-10-05,24198.46,EMI,Debit,True
TXN000265,UPL_003,2024-10-12,799.11,Utility,Debit,False
TXN000266,UPL_003,2024-10-14,1419.08,Utility,Debit,True
TXN000267,UPL_003,2024-10-16,2476.56,Food,Debit,
TXN000268,UPL_003,2024-10-04,1970.81,Food,Debit,
TXN000269,UPL_003,2024-10-03,2207.21,Food,Debit,
TXN000270,UPL_003,2024-10-07,29590.29,Transport,Debit,
TXN000271,UPL_003,2024-10-06,17754.52,Transport,Debit,
TXN000272,UPL_003,2024-11-03,121079.6,Salary,Credit,
TXN000273,UPL_003,2024-11-01,5565.08,Rent,Debit,True
TXN000274,UPL_003,2024-11-09,18550.28,EMI,Debit,True
TXN000275,UPL_003,2024-11-10,1011.82,Utility,Debit,True
TXN000276,UPL_003,2024-11-11,688.62,Utility,Debit,True
TXN000277,UPL_003,2024-11-20,1654.81,Food,Debit,
TXN000278,UPL_003,2024-11-14,2292.23,Food,Debit,
TXN000279,UPL_003,2024-11-07,1154.29,Food,Debit,
TXN000280,UPL_003,2024-11-24,13649.79,Transport,Debit,
TXN000281,UPL_003,2024-11-20,8245.43,Transport,Debit,
TXN000282,UPL_003,2024-11-01,14398.8,Discretionary,Debit,
TXN000283,UPL_003,2024-12-01,121079.6,Salary,Credit,
TXN000284,UPL_003,2024-12-02,6088.3,Rent,Debit,True
TXN000285,UPL_003,2024-12-12,20294.33,EMI,Debit,True
TXN000286,UPL_003,2024-12-13,972.22,Utility,Debit,True
TXN000287,UPL_003,2024-12-17,888.09,Utility,Debit,True
TXN000288,UPL_003,2024-12-06,2077.37,Food,Debit,
TXN000289,UPL_003,2024-12-18,2233.83,Food,Debit,
TXN000290,UPL_003,2024-12-08,1269.74,Food,Debit,
TXN000291,UPL_003,2024-12-18,19957.0,Transport,Debit,
TXN000292,UPL_003,2024-12-02,19749.3,Discretionary,Debit,
TXN000293,UPL_003,2025-01-03,121079.6,Salary,Credit,
TXN000294,UPL_003,2025-01-04,6886.7,Rent,Debit,True
TXN000295,UPL_003,2025-01-12,22955.66,EMI,Debit,False
TXN000296,UPL_003,2025-01-14,727.65,Utility,Debit,True
TXN000297,UPL_003,2025-01-17,1376.62,Utility,Debit,True
TXN000298,UPL_003,2025-01-07,2551.89,Food,Debit,
TXN000299,UPL_003,2025-01-24,2789.92,Food,Debit,
TXN000300,UPL_003,2025-01-20,970.99,Food,Debit,
TXN000301,UPL_003,2025-01-01,20949.67,Discretionary,Debit,
TXN000302,UPL_003,2025-01-24,13686.7,Transport,Debit,
TXN000303,UPL_003,2025-01-02,10276.89,Discretionary,Debit,
TXN000304,UPL_003,2025-02-03,121079.6,Salary,Credit,
TXN000305,UPL_003,2025-02-01,6107.26,Rent,Debit,True
TXN000306,UPL_003,2025-02-08,20357.53,EMI,Debit,True
TXN000307,UPL_003,2025-02-12,1136.83,Utility,Debit,True
TXN000308,UPL_003,2025-02-21,729.28,Utility,Debit,True
TXN000309,UPL_003,2025-02-26,1883.18,Food,Debit,
TXN000310,UPL_003,2025-02-09,1275.79,Food,Debit,
TXN000311,UPL_003,2025-02-27,2439.35,Food,Debit,
TXN000312,UPL_003,2025-02-09,21389.31,Discretionary,Debit,
TXN000313,UPL_003,2025-02-11,10603.21,Transport,Debit,
TXN000314,UPL_003,2025-02-01,7837.43,Transport,Debit,
TXN000315,UPL_003,2025-03-03,121079.6,Salary,Credit,
TXN000316,UPL_003,2025-03-01,6998.36,Rent,Debit,True
TXN000317,UPL_003,2025-03-11,23327.88,EMI,Debit,True
TXN000318,UPL_003,2025-03-22,786.45,Utility,Debit,True
TXN000319,UPL_003,2025-03-13,1351.94,Utility,Debit,True
TXN000320,UPL_003,2025-03-28,2495.59,Food,Debit,
TXN000321,UPL_003,2025-03-09,2399.04,Food,Debit,
TXN000322,UPL_003,2025-03-06,1520.54,Food,Debit,
TXN000323,UPL_003,2025-03-09,18499.57,Discretionary,Debit,
TXN000324,UPL_003,2025-03-12,27141.93,Discretionary,Debit,
TXN000325,UPL_003,2025-04-02,121079.6,Salary,Credit,
TXN000326,UPL_003,2025-04-02,5953.24,Rent,Debit,True
TXN000327,UPL_003,2025-04-09,19844.14,EMI,Debit,True
TXN000328,UPL_003,2025-04-10,791.37,Utility,Debit,True
TXN000329,UPL_003,2025-04-08,1027.68,Utility,Debit,False
TXN000330,UPL_003,2025-04-06,1628.27,Food,Debit,
TXN000331,UPL_003,2025-04-01,1796.07,Food,Debit,
TXN000332,UPL_003,2025-04-16,2032.8,Food,Debit,
TXN000333,UPL_003,2025-04-20,25877.02,Discretionary,Debit,
TXN000334,UPL_003,2025-04-28,12948.48,Transport,Debit,
TXN000335,UPL_003,2025-05-03,121079.6,Salary,Credit,
TXN000336,UPL_003,2025-05-01,7464.03,Rent,Debit,True
TXN000337,UPL_003,2025-05-11,24880.11,EMI,Debit,True
TXN000338,UPL_003,2025-05-16,997.26,Utility,Debit,False
TXN000339,UPL_003,2025-05-21,1283.41,Utility,Debit,True
TXN000340,UPL_003,2025-05-01,2245.25,Food,Debit,
TXN000341,UPL_003,2025-05-02,2533.23,Food,Debit,
TXN000342,UPL_003,2025-05-23,2063.55,Food,Debit,
TXN000343,UPL_003,2025-05-26,29428.78,Discretionary,Debit,
TXN000344,UPL_003,2025-05-03,19249.69,Discretionary,Debit,
TXN000345,UPL_003,2025-06-01,121079.6,Salary,Credit,
TXN000346,UPL_003,2025-06-03,6592.71,Rent,Debit,True
TXN000347,UPL_003,2025-06-12,21975.71,EMI,Debit,True
TXN000348,UPL_003,2025-06-17,793.94,Utility,Debit,True
TXN000349,UPL_003,2025-06-11,1220.5,Utility,Debit,True
TXN000350,UPL_003,2025-06-17,2886.12,Food,Debit,
TXN000351,UPL_003,2025-06-25,1448.15,Food,Debit,
TXN000352,UPL_003,2025-06-06,1709.05,Food,Debit,
TXN000353,UPL_003,2025-06-03,12382.76,Discretionary,Debit,
TXN000354,UPL_003,2025-06-25,13752.48,Discretionary,Debit,
TXN000355,UPL_003,2025-06-20,16860.71,Discretionary,Debit,
TXN000356,UPL_003,2025-07-02,121079.6,Salary,Credit,
TXN000357,UPL_003,2025-07-03,7097.27,Rent,Debit,True
TXN000358,UPL_003,2025-07-08,23657.56,EMI,Debit,True
TXN000359,UPL_003,2025-07-23,1352.34,Utility,Debit,True
TXN000360,UPL_003,2025-07-16,816.27,Utility,Debit,True
TXN000361,UPL_003,2025-07-14,1618.43,Food,Debit,
TXN000362,UPL_003,2025-07-04,2828.41,Food,Debit,
TXN000363,UPL_003,2025-07-11,2058.98,Food,Debit,
TXN000364,UPL_003,2025-07-18,7229.67,Transport,Debit,
TXN000365,UPL_003,2025-07-20,14954.71,Discretionary,Debit,
TXN000366,UPL_003,2025-07-23,12767.13,Transport,Debit,
TXN000367,UPL_003,2025-07-08,11335.02,Transport,Debit,
TXN000368,UPL_003,2025-08-02,121079.6,Salary,Credit,
TXN000369,UPL_003,2025-08-01,7054.05,Rent,Debit,True
TXN000370,UPL_003,2025-08-05,23513.5,EMI,Debit,False
TXN000371,UPL_003,2025-08-14,964.34,Utility,Debit,True
TXN000372,UPL_003,2025-08-18,1191.07,Utility,Debit,True
TXN000373,UPL_003,2025-08-01,1371.82,Food,Debit,
TXN000374,UPL_003,2025-08-27,2006.52,Food,Debit,
TXN000375,UPL_003,2025-08-16,3087.88,Food,Debit,
TXN000376,UPL_003,2025-08-09,14695.17,Transport,Debit,
TXN000377,UPL_003,2025-08-20,7728.86,Transport,Debit,
TXN000378,UPL_003,2025-08-18,12143.15,Transport,Debit,
TXN000379,UPL_003,2025-08-25,11437.51,Transport,Debit,
TXN000380,UPL_003,2025-09-03,121079.6,Salary,Credit,
TXN000381,UPL_003,2025-09-02,7575.17,Rent,Debit,True
TXN000382,UPL_003,2025-09-07,25250.56,EMI,Debit,True
TXN000383,UPL_003,2025-09-23,1180.57,Utility,Debit,True
TXN000384,UPL_003,2025-09-18,1134.06,Utility,Debit,True
TXN000385,UPL_003,2025-09-01,2161.82,Food,Debit,
TXN000386,UPL_003,2025-09-04,2058.01,Food,Debit,
TXN000387,UPL_003,2025-09-09,2724.07,Food,Debit,
TXN000388,UPL_003,2025-09-08,19747.74,Transport,Debit,
TXN000389,UPL_003,2025-09-01,16389.34,Transport,Debit,
TXN000390,UPL_003,2025-09-20,13266.19,Transport,Debit,
TXN000391,UPL_004,2024-10-03,98400.35,Salary,Credit,
TXN000392,UPL_004,2024-10-05,5173.08,Rent,Debit,True
TXN000393,UPL_004,2024-10-09,17243.61,EMI,Debit,True
TXN000394,UPL_004,2024-10-10,723.34,Utility,Debit,True
TXN000395,UPL_004,2024-10-20,857.32,Utility,Debit,True
TXN000396,UPL_004,2024-10-16,1747.67,Food,Debit,
TXN000397,UPL_004,2024-10-10,1779.96,Food,Debit,
TXN000398,UPL_004,2024-10-19,1214.36,Food,Debit,
TXN000399,UPL_004,2024-10-27,15465.7,Transport,Debit,
TXN000400,UPL_004,2024-10-20,7115.21,Transport,Debit,
TXN000401,UPL_004,2024-11-03,98400.35,Salary,Credit,
TXN000402,UPL_004,2024-11-01,4888.2,Rent,Debit,True
TXN000403,UPL_004,2024-11-10,16294.01,EMI,Debit,True
TXN000404,UPL_004,2024-11-15,774.46,Utility,Debit,True
TXN000405,UPL_004,2024-11-08,719.16,Utility,Debit,True
TXN000406,UPL_004,2024-11-20,1732.62,Food,Debit,
TXN000407,UPL_004,2024-11-03,1270.58,Food,Debit,
TXN000408,UPL_004,2024-11-15,1477.66,Food,Debit,
TXN000409,UPL_004,2024-11-03,4639.29,Discretionary,Debit,
TXN000410,UPL_004,2024-11-02,5938.2,Discretionary,Debit,
TXN000411,UPL_004,2024-11-04,7673.76,Discretionary,Debit,
TXN000412,UPL_004,2024-11-08,3086.14,Discretionary,Debit,
TXN000413,UPL_004,2024-12-01,98400.35,Salary,Credit,
TXN000414,UPL_004,2024-12-02,5190.66,Rent,Debit,False
TXN000415,UPL_004,2024-12-10,17302.21,EMI,Debit,True
TXN000416,UPL_004,2024-12-18,878.68,Utility,Debit,True
TXN000417,UPL_004,2024-12-11,707.36,Utility,Debit,True
TXN000418,UPL_004,2024-12-04,1924.27,Food,Debit,
TXN000419,UPL_004,2024-12-11,1205.29,Food,Debit,
TXN000420,UPL_004,2024-12-21,1628.55,Food,Debit,
TXN000421,UPL_004,2024-12-20,8861.76,Transport,Debit,
TXN000422,UPL_004,2024-12-18,4583.22,Transport,Debit,
TXN000423,UPL_004,2024-12-14,4898.22,Discretionary,Debit,
TXN000424,UPL_004,2024-12-23,4314.47,Transport,Debit,
TXN000425,UPL_004,2025-01-02,98400.35,Salary,Credit,
TXN000426,UPL_004,2025-01-05,5689.86,Rent,Debit,True
TXN000427,UPL_004,2025-01-12,18966.2,EMI,Debit,True
TXN000428,UPL_004,2025-01-17,1201.71,Utility,Debit,True
TXN000429,UPL_004,2025-01-13,536.86,Utility,Debit,True
TXN000430,UPL_004,2025-01-09,1503.31,Food,Debit,
TXN000431,UPL_004,2025-01-01,2228.6,Food,Debit,
TXN000432,UPL_004,2025-01-26,1483.8,Food,Debit,
TXN000433,UPL_004,2025-01-28,5629.99,Transport,Debit,
TXN000434,UPL_004,2025-01-05,7134.01,Discretionary,Debit,
TXN000435,UPL_004,2025-01-11,12072.69,Discretionary,Debit,
TXN000436,UPL_004,2025-02-02,98400.35,Salary,Credit,
TXN000437,UPL_004,2025-02-03,5491.06,Rent,Debit,True
TXN000438,UPL_004,2025-02-11,18303.53,EMI,Debit,True
TXN000439,UPL_004,2025-02-08,798.61,Utility,Debit,False
TXN000440,UPL_004,2025-02-11,879.21,Utility,Debit,True
TXN000441,UPL_004,2025-02-13,1745.79,Food,Debit,
TXN000442,UPL_004,2025-02-21,1355.48,Food,Debit,
TXN000443,UPL_004,2025-02-01,1932.19,Food,Debit,
TXN000444,UPL_004,2025-02-13,8733.85,Discretionary,Debit,
TXN000445,UPL_004,2025-02-08,15235.06,Discretionary,Debit,
TXN000446,UPL_004,2025-03-01,98400.35,Salary,Credit,
TXN000447,UPL_004,2025-03-01,5374.21,Rent,Debit,True
TXN000448,UPL_004,2025-03-11,17914.03,EMI,Debit,True
TXN000449,UPL_004,2025-03-22,961.81,Utility,Debit,True
TXN000450,UPL_004,2025-03-16,680.31,Utility,Debit,True
TXN000451,UPL_004,2025-03-21,1716.82,Food,Debit,
TXN000452,UPL_004,2025-03-27,1575.24,Food,Debit,
TXN000453,UPL_004,2025-03-02,1634.31,Food,Debit,
TXN000454,UPL_004,2025-03-14,11983.44,Transport,Debit,
TXN000455,UPL_004,2025-03-24,11475.4,Transport,Debit,
TXN000456,UPL_004,2025-04-01,98400.35,Salary,Credit,
TXN000457,UPL_004,2025-04-01,5186.18,Rent,Debit,True
TXN000458,UPL_004,2025-04-06,17287.27,EMI,Debit,True
TXN000459,UPL_004,2025-04-22,839.52,Utility,Debit,True
TXN000460,UPL_004,2025-04-13,745.15,Utility,Debit,True
TXN000461,UPL_004,2025-04-09,1820.28,Food,Debit,
TXN000462,UPL_004,2025-04-03,1344.47,Food,Debit,
TXN000463,UPL_004,2025-04-12,1589.25,Food,Debit,
TXN000464,UPL_004,2025-04-21,11960.47,Discretionary,Debit,
TXN000465,UPL_004,2025-04-18,10677.63,Discretionary,Debit,
TXN000466,UPL_004,2025-05-02,98400.35,Salary,Credit,
TXN000467,UPL_004,2025-05-05,5565.35,Rent,Debit,True
TXN000468,UPL_004,2025-05-06,18551.15,EMI,Debit,True
TXN000469,UPL_004,2025-05-20,1171.39,Utility,Debit,True
TXN000470,UPL_004,2025-05-11,529.13,Utility,Debit,True
TXN000471,UPL_004,2025-05-01,1514.02,Food,Debit,
TXN000472,UPL_004,2025-05-26,2447.38,Food,Debit,
TXN000473,UPL_004,2025-05-23,1140.17,Food,Debit,
TXN000474,UPL_004,2025-05-12,7695.91,Transport,Debit,
TXN000475,UPL_004,2025-05-10,7579.03,Transport,Debit,
TXN000476,UPL_004,2025-05-14,9018.23,Discretionary,Debit,
TXN000477,UPL_004,2025-06-03,98400.35,Salary,Credit,
TXN000478,UPL_004,2025-06-03,5436.37,Rent,Debit,True
TXN000479,UPL_004,2025-06-07,18121.24,EMI,Debit,True
TXN000480,UPL_004,2025-06-08,864.79,Utility,Debit,False
TXN000481,UPL_004,2025-06-08,796.32,Utility,Debit,True
TXN000482,UPL_004,2025-06-18,2110.39,Food,Debit,
TXN000483,UPL_004,2025-06-24,1284.12,Food,Debit,
TXN000484,UPL_004,2025-06-04,1588.82,Food,Debit,
TXN000485,UPL_004,2025-06-19,11342.93,Transport,Debit,
TXN000486,UPL_004,2025-06-07,6079.46,Transport,Debit,
TXN000487,UPL_004,2025-06-14,6307.81,Discretionary,Debit,
TXN000488,UPL_004,2025-07-01,98400.35,Salary,Credit,
TXN000489,UPL_004,2025-07-04,5011.92,Rent,Debit,True
TXN000490,UPL_004,2025-07-12,16706.41,EMI,Debit,True
TXN000491,UPL_004,2025-07-23,868.14,Utility,Debit,True
TXN000492,UPL_004,2025-07-17,663.28,Utility,Debit,True
TXN000493,UPL_004,2025-07-03,2164.19,Food,Debit,
TXN000494,UPL_004,2025-07-25,1228.9,Food,Debit,
TXN000495,UPL_004,2025-07-23,1201.17,Food,Debit,
TXN000496,UPL_004,2025-07-03,13459.51,Transport,Debit,
TXN000497,UPL_004,2025-07-15,8417.93,Transport,Debit,
TXN000498,UPL_004,2025-08-01,98400.35,Salary,Credit,
TXN000499,UPL_004,2025-08-03,5895.16,Rent,Debit,True
TXN000500,UPL_004,2025-08-07,19650.53,EMI,Debit,True
TXN000501,UPL_004,2025-08-08,756.65,Utility,Debit,True
TXN000502,UPL_004,2025-08-11,1044.64,Utility,Debit,True
TXN000503,UPL_004,2025-08-25,1644.56,Food,Debit,
TXN000504,UPL_004,2025-08-20,2163.73,Food,Debit,
TXN000505,UPL_004,2025-08-06,1595.6,Food,Debit,
TXN000506,UPL_004,2025-08-14,18194.76,Transport,Debit,
TXN000507,UPL_004,2025-08-28,7538.08,Discretionary,Debit,
TXN000508,UPL_004,2025-09-01,98400.35,Salary,Credit,
TXN000509,UPL_004,2025-09-04,5815.9,Rent,Debit,True
TXN000510,UPL_004,2025-09-11,19386.33,EMI,Debit,True
TXN000511,UPL_004,2025-09-19,1125.78,Utility,Debit,False
TXN000512,UPL_004,2025-09-17,651.3,Utility,Debit,True
TXN000513,UPL_004,2025-09-07,2215.12,Food,Debit,
TXN000514,UPL_004,2025-09-06,1458.25,Food,Debit,
TXN000515,UPL_004,2025-09-15,1657.87,Food,Debit,
TXN000516,UPL_004,2025-09-13,8285.22,Discretionary,Debit,
TXN000517,UPL_004,2025-09-07,5779.87,Discretionary,Debit,
TXN000518,UPL_004,2025-09-01,6612.26,Transport,Debit,
TXN000519,UPL_004,2025-09-15,4709.5,Transport,Debit,
TXN000520,UPL_005,2024-10-03,97743.49,Salary,Credit,
TXN000521,UPL_005,2024-10-05,9774.35,EMI,Debit,True
TXN000522,UPL_005,2024-10-21,850.21,Utility,Debit,True
TXN000523,UPL_005,2024-10-23,1460.5,Utility,Debit,True
TXN000524,UPL_005,2024-10-15,2131.25,Food,Debit,
TXN000525,UPL_005,2024-10-27,2913.93,Food,Debit,
TXN000526,UPL_005,2024-10-01,1886.95,Food,Debit,
TXN000527,UPL_005,2024-10-04,1576.57,Transport,Debit,
TXN000528,UPL_005,2024-10-19,3041.6,Discretionary,Debit,
TXN000529,UPL_005,2024-10-19,2063.54,Transport,Debit,
TXN000530,UPL_005,2024-11-02,97743.49,Salary,Credit,
TXN000531,UPL_005,2024-11-06,9774.35,EMI,Debit,True
TXN000532,UPL_005,2024-11-16,1554.73,Utility,Debit,True
TXN000533,UPL_005,2024-11-21,796.77,Utility,Debit,True
TXN000534,UPL_005,2024-11-10,2243.7,Food,Debit,
TXN000535,UPL_005,2024-11-15,1671.68,Food,Debit,
TXN000536,UPL_005,2024-11-18,3139.15,Food,Debit,
TXN000537,UPL_005,2024-11-11,4524.3,Discretionary,Debit,
TXN000538,UPL_005,2024-11-02,2214.75,Discretionary,Debit,
TXN000539,UPL_005,2024-12-01,97743.49,Salary,Credit,
TXN000540,UPL_005,2024-12-10,9774.35,EMI,Debit,True
TXN000541,UPL_005,2024-12-21,825.97,Utility,Debit,True
TXN000542,UPL_005,2024-12-16,1427.31,Utility,Debit,True
TXN000543,UPL_005,2024-12-05,3097.34,Food,Debit,
TXN000544,UPL_005,2024-12-06,1687.29,Food,Debit,
TXN000545,UPL_005,2024-12-24,1975.22,Food,Debit,
TXN000546,UPL_005,2024-12-23,1501.12,Discretionary,Debit,
TXN000547,UPL_005,2024-12-10,2829.63,Discretionary,Debit,
TXN000548,UPL_005,2024-12-04,2270.26,Transport,Debit,
TXN000549,UPL_005,2025-01-01,97743.49,Salary,Credit,
TXN000550,UPL_005,2025-01-06,9774.35,EMI,Debit,True
TXN000551,UPL_005,2025-01-22,1202.57,Utility,Debit,True
TXN000552,UPL_005,2025-01-21,1114.37,Utility,Debit,True
TXN000553,UPL_005,2025-01-08,3259.47,Food,Debit,
TXN000554,UPL_005,2025-01-08,1948.7,Food,Debit,
TXN000555,UPL_005,2025-01-07,1742.67,Food,Debit,
TXN000556,UPL_005,2025-01-12,2331.48,Discretionary,Debit,
TXN000557,UPL_005,2025-01-05,4359.0,Transport,Debit,
TXN000558,UPL_005,2025-02-01,97743.49,Salary,Credit,
TXN000559,UPL_005,2025-02-06,9774.35,EMI,Debit,True
TXN000560,UPL_005,2025-02-08,1237.42,Utility,Debit,True
TXN000561,UPL_005,2025-02-15,1002.97,Utility,Debit,True
TXN000562,UPL_005,2025-02-02,1550.89,Food,Debit,
TXN000563,UPL_005,2025-02-17,2938.76,Food,Debit,
TXN000564,UPL_005,2025-02-07,2231.54,Food,Debit,
TXN000565,UPL_005,2025-02-21,2191.85,Transport,Debit,
TXN000566,UPL_005,2025-02-10,1599.03,Transport,Debit,
TXN000567,UPL_005,2025-02-28,984.77,Transport,Debit,
TXN000568,UPL_005,2025-02-14,1807.24,Discretionary,Debit,
TXN000569,UPL_005,2025-03-03,97743.49,Salary,Credit,
TXN000570,UPL_005,2025-03-10,9774.35,EMI,Debit,True
TXN000571,UPL_005,2025-03-19,928.64,Utility,Debit,True
TXN000572,UPL_005,2025-03-09,1203.13,Utility,Debit,True
TXN000573,UPL_005,2025-03-18,1870.84,Food,Debit,
TXN000574,UPL_005,2025-03-06,2981.27,Food,Debit,
TXN000575,UPL_005,2025-03-06,1543.22,Food,Debit,
TXN000576,UPL_005,2025-03-20,2089.81,Transport,Debit,
TXN000577,UPL_005,2025-03-23,4340.44,Discretionary,Debit,
TXN000578,UPL_005,2025-04-03,97743.49,Salary,Credit,
TXN000579,UPL_005,2025-04-09,9774.35,EMI,Debit,True
TXN000580,UPL_005,2025-04-10,1312.87,Utility,Debit,True
TXN000581,UPL_005,2025-04-22,780.87,Utility,Debit,False
TXN000582,UPL_005,2025-04-05,2167.1,Food,Debit,
TXN000583,UPL_005,2025-04-17,2175.85,Food,Debit,
TXN000584,UPL_005,2025-04-19,1938.28,Food,Debit,
TXN000585,UPL_005,2025-04-28,4223.22,Transport,Debit,
TXN000586,UPL_005,2025-04-11,2153.57,Transport,Debit,
TXN000587,UPL_005,2025-05-01,97743.49,Salary,Credit,
TXN000588,UPL_005,2025-05-08,9774.35,EMI,Debit,True
TXN000589,UPL_005,2025-05-22,825.26,Utility,Debit,True
TXN000590,UPL_005,2025-05-15,1384.55,Utility,Debit,True
TXN000591,UPL_005,2025-05-22,1333.71,Food,Debit,
TXN000592,UPL_005,2025-05-12,1637.36,Food,Debit,
TXN000593,UPL_005,2025-05-28,3658.37,Food,Debit,
TXN000594,UPL_005,2025-05-02,1609.49,Discretionary,Debit,
TXN000595,UPL_005,2025-05-02,2291.5,Discretionary,Debit,
TXN000596,UPL_005,2025-05-01,2638.92,Transport,Debit,
TXN000597,UPL_005,2025-06-02,97743.49,Salary,Credit,
TXN000598,UPL_005,2025-06-10,9774.35,EMI,Debit,True
TXN000599,UPL_005,2025-06-16,1184.52,Utility,Debit,True
TXN000600,UPL_005,2025-06-12,914.18,Utility,Debit,True
TXN000601,UPL_005,2025-06-14,1303.58,Food,Debit,
TXN000602,UPL_005,2025-06-23,2702.69,Food,Debit,
TXN000603,UPL_005,2025-06-26,2289.83,Food,Debit,
TXN000604,UPL_005,2025-06-11,3421.59,Discretionary,Debit,
TXN000605,UPL_005,2025-06-26,2962.16,Discretionary,Debit,
TXN000606,UPL_005,2025-07-03,97743.49,Salary,Credit,
TXN000607,UPL_005,2025-07-08,9774.35,EMI,Debit,True
TXN000608,UPL_005,2025-07-21,940.74,Utility,Debit,True
TXN000609,UPL_005,2025-07-21,1409.18,Utility,Debit,True
TXN000610,UPL_005,2025-07-25,1616.75,Food,Debit,
TXN000611,UPL_005,2025-07-21,2897.02,Food,Debit,
TXN000612,UPL_005,2025-07-04,2536.01,Food,Debit,
TXN000613,UPL_005,2025-07-07,1410.67,Transport,Debit,
TXN000614,UPL_005,2025-07-14,1822.24,Transport,Debit,
TXN000615,UPL_005,2025-07-16,1385.69,Discretionary,Debit,
TXN000616,UPL_005,2025-07-28,2118.23,Discretionary,Debit,
TXN000617,UPL_005,2025-08-01,97743.49,Salary,Credit,
TXN000618,UPL_005,2025-08-12,9774.35,EMI,Debit,True
TXN000619,UPL_005,2025-08-21,1041.75,Utility,Debit,True
TXN000620,UPL_005,2025-08-09,1200.13,Utility,Debit,True
TXN000621,UPL_005,2025-08-03,2258.73,Food,Debit,
TXN000622,UPL_005,2025-08-15,2208.33,Food,Debit,
TXN000623,UPL_005,2025-08-12,2258.6,Food,Debit,
TXN000624,UPL_005,2025-08-12,3440.6,Transport,Debit,
TXN000625,UPL_005,2025-08-20,3144.4,Discretionary,Debit,
TXN000626,UPL_005,2025-09-02,97743.49,Salary,Credit,
TXN000627,UPL_005,2025-09-09,9774.35,EMI,Debit,True
TXN000628,UPL_005,2025-09-19,739.28,Utility,Debit,True
TXN000629,UPL_005,2025-09-19,1486.29,Utility,Debit,True
TXN000630,UPL_005,2025-09-18,1852.1,Food,Debit,
TXN000631,UPL_005,2025-09-16,2063.5,Food,Debit,
TXN000632,UPL_005,2025-09-07,2761.12,Food,Debit,
TXN000633,UPL_005,2025-09-06,2034.65,Discretionary,Debit,
TXN000634,UPL_005,2025-09-11,1073.09,Transport,Debit,
TXN000635,UPL_005,2025-09-08,2201.67,Transport,Debit,
TXN000636,UPL_005,2025-09-04,1252.66,Transport,Debit,
TXN000637,UPL_006,2024-10-01,130545.31,Salary,Credit,
TXN000638,UPL_006,2024-10-04,7519.39,Rent,Debit,True
TXN000639,UPL_006,2024-10-09,25064.65,EMI,Debit,True
TXN000640,UPL_006,2024-10-13,796.23,Utility,Debit,False
TXN000641,UPL_006,2024-10-11,1501.37,Utility,Debit,False
TXN000642,UPL_006,2024-10-01,1569.28,Food,Debit,
TXN000643,UPL_006,2024-10-28,2557.36,Food,Debit,
TXN000644,UPL_006,2024-10-15,2766.15,Food,Debit,
TXN000645,UPL_006,2024-10-07,19643.89,Discretionary,Debit,
TXN000646,UPL_006,2024-10-11,22130.52,Discretionary,Debit,
TXN000647,UPL_006,2024-11-02,130545.31,Salary,Credit,
TXN000648,UPL_006,2024-11-03,7589.56,Rent,Debit,True
TXN000649,UPL_006,2024-11-11,25298.54,EMI,Debit,True
TXN000650,UPL_006,2024-11-17,898.55,Utility,Debit,True
TXN000651,UPL_006,2024-11-23,1420.48,Utility,Debit,True
TXN000652,UPL_006,2024-11-10,2032.96,Food,Debit,
TXN000653,UPL_006,2024-11-09,2813.78,Food,Debit,
TXN000654,UPL_006,2024-11-26,2110.35,Food,Debit,
TXN000655,UPL_006,2024-11-01,17257.02,Transport,Debit,
TXN000656,UPL_006,2024-11-25,13677.67,Transport,Debit,
TXN000657,UPL_006,2024-11-24,11229.55,Transport,Debit,
TXN000658,UPL_006,2024-12-01,130545.31,Salary,Credit,
TXN000659,UPL_006,2024-12-05,7040.44,Rent,Debit,True
TXN000660,UPL_006,2024-12-11,23468.14,EMI,Debit,True
TXN000661,UPL_006,2024-12-14,1456.11,Utility,Debit,True
TXN000662,UPL_006,2024-12-20,695.14,Utility,Debit,True
TXN000663,UPL_006,2024-12-04,2226.01,Food,Debit,
TXN000664,UPL_006,2024-12-09,2349.78,Food,Debit,
TXN000665,UPL_006,2024-12-07,1877.95,Food,Debit,
TXN000666,UPL_006,2024-12-01,17573.27,Transport,Debit,
TXN000667,UPL_006,2024-12-11,7555.81,Transport,Debit,
TXN000668,UPL_006,2024-12-03,13984.5,Discretionary,Debit,
TXN000669,UPL_006,2025-01-03,130545.31,Salary,Credit,
TXN000670,UPL_006,2025-01-02,6612.07,Rent,Debit,True
TXN000671,UPL_006,2025-01-12,22040.23,EMI,Debit,True
TXN000672,UPL_006,2025-01-22,1094.54,Utility,Debit,True
TXN000673,UPL_006,2025-01-15,925.81,Utility,Debit,True
TXN000674,UPL_006,2025-01-06,2015.0,Food,Debit,
TXN000675,UPL_006,2025-01-24,1407.46,Food,Debit,
TXN000676,UPL_006,2025-01-01,2638.61,Food,Debit,
TXN000677,UPL_006,2025-01-14,10215.98,Discretionary,Debit,
TXN000678,UPL_006,2025-01-10,6204.32,Transport,Debit,
TXN000679,UPL_006,2025-01-03,10383.31,Transport,Debit,
TXN000680,UPL_006,2025-01-17,9930.11,Transport,Debit,
TXN000681,UPL_006,2025-02-03,130545.31,Salary,Credit,
TXN000682,UPL_006,2025-02-05,7800.43,Rent,Debit,True
TXN000683,UPL_006,2025-02-08,26001.43,EMI,Debit,True
TXN000684,UPL_006,2025-02-20,1382.17,Utility,Debit,True
TXN000685,UPL_006,2025-02-10,1001.29,Utility,Debit,True
TXN000686,UPL_006,2025-02-05,2197.24,Food,Debit,
TXN000687,UPL_006,2025-02-05,2043.58,Food,Debit,
TXN000688,UPL_006,2025-02-21,2909.57,Food,Debit,
TXN000689,UPL_006,2025-02-20,6898.19,Discretionary,Debit,
TXN000690,UPL_006,2025-02-27,15143.07,Discretionary,Debit,
TXN000691,UPL_006,2025-02-22,14700.42,Discretionary,Debit,
TXN000692,UPL_006,2025-02-25,6594.02,Transport,Debit,
TXN000693,UPL_006,2025-03-01,130545.31,Salary,Credit,
TXN000694,UPL_006,2025-03-01,6432.3,Rent,Debit,True
TXN000695,UPL_006,2025-03-07,21441.0,EMI,Debit,True
TXN000696,UPL_006,2025-03-15,696.8,Utility,Debit,True
TXN000697,UPL_006,2025-03-18,1268.62,Utility,Debit,True
TXN000698,UPL_006,2025-03-20,1683.06,Food,Debit,
TXN000699,UPL_006,2025-03-15,1669.59,Food,Debit,
TXN000700,UPL_006,2025-03-09,2543.63,Food,Debit,
TXN000701,UPL_006,2025-03-07,10911.98,Transport,Debit,
TXN000702,UPL_006,2025-03-15,7720.75,Transport,Debit,
TXN000703,UPL_006,2025-03-15,7104.22,Transport,Debit,
TXN000704,UPL_006,2025-03-18,9998.05,Transport,Debit,
TXN000705,UPL_006,2025-04-03,130545.31,Salary,Credit,
TXN000706,UPL_006,2025-04-05,7357.15,Rent,Debit,True
TXN000707,UPL_006,2025-04-05,24523.85,EMI,Debit,True
TXN000708,UPL_006,2025-04-14,844.13,Utility,Debit,True
TXN000709,UPL_006,2025-04-19,1403.89,Utility,Debit,True
TXN000710,UPL_006,2025-04-21,2678.93,Food,Debit,
TXN000711,UPL_006,2025-04-02,2919.41,Food,Debit,
TXN000712,UPL_006,2025-04-16,1145.71,Food,Debit,
TXN000713,UPL_006,2025-04-19,12932.35,Discretionary,Debit,
TXN000714,UPL_006,2025-04-07,16661.46,Discretionary,Debit,
TXN000715,UPL_006,2025-04-08,11279.26,Discretionary,Debit,
TXN000716,UPL_006,2025-05-03,130545.31,Salary,Credit,
TXN000717,UPL_006,2025-05-04,6977.71,Rent,Debit,True
TXN000718,UPL_006,2025-05-12,23259.03,EMI,Debit,True
TXN000719,UPL_006,2025-05-12,1048.08,Utility,Debit,True
TXN000720,UPL_006,2025-05-15,1083.99,Utility,Debit,True
TXN000721,UPL_006,2025-05-25,2376.9,Food,Debit,
TXN000722,UPL_006,2025-05-02,2295.3,Food,Debit,
TXN000723,UPL_006,2025-05-11,1724.03,Food,Debit,
TXN000724,UPL_006,2025-05-14,9802.08,Discretionary,Debit,
TXN000725,UPL_006,2025-05-19,6143.53,Discretionary,Debit,
TXN000726,UPL_006,2025-05-23,11111.08,Transport,Debit,
TXN000727,UPL_006,2025-05-18,11708.35,Transport,Debit,
TXN000728,UPL_006,2025-06-01,130545.31,Salary,Credit,
TXN000729,UPL_006,2025-06-02,7555.36,Rent,Debit,False
TXN000730,UPL_006,2025-06-08,25184.55,EMI,Debit,True
TXN000731,UPL_006,2025-06-14,1553.11,Utility,Debit,True
TXN000732,UPL_006,2025-06-17,755.47,Utility,Debit,True
TXN000733,UPL_006,2025-06-27,1676.03,Food,Debit,
TXN000734,UPL_006,2025-06-25,3437.72,Food,Debit,
TXN000735,UPL_006,2025-06-20,1812.01,Food,Debit,
TXN000736,UPL_006,2025-06-19,11588.09,Transport,Debit,
TXN000737,UPL_006,2025-06-05,16688.27,Discretionary,Debit,
TXN000738,UPL_006,2025-06-20,13697.88,Transport,Debit,
TXN000739,UPL_006,2025-07-01,130545.31,Salary,Credit,
TXN000740,UPL_006,2025-07-03,7508.71,Rent,Debit,False
TXN000741,UPL_006,2025-07-10,25029.03,EMI,Debit,True
TXN000742,UPL_006,2025-07-13,875.9,Utility,Debit,False
TXN000743,UPL_006,2025-07-08,1418.43,Utility,Debit,False
TXN000744,UPL_006,2025-07-21,1364.24,Food,Debit,
TXN000745,UPL_006,2025-07-19,2366.77,Food,Debit,
TXN000746,UPL_006,2025-07-11,3151.98,Food,Debit,
TXN000747,UPL_006,2025-07-04,22445.54,Transport,Debit,
TXN000748,UPL_006,2025-07-06,19269.52,Discretionary,Debit,
TXN000749,UPL_006,2025-08-03,130545.31,Salary,Credit,
TXN000750,UPL_006,2025-08-01,8025.65,Rent,Debit,True
TXN000751,UPL_006,2025-08-07,26752.18,EMI,Debit,True
TXN000752,UPL_006,2025-08-14,1246.89,Utility,Debit,True
TXN000753,UPL_006,2025-08-08,1205.39,Utility,Debit,False
TXN000754,UPL_006,2025-08-23,2117.69,Food,Debit,
TXN000755,UPL_006,2025-08-21,2421.28,Food,Debit,
TXN000756,UPL_006,2025-08-15,2817.89,Food,Debit,
TXN000757,UPL_006,2025-08-04,8419.72,Transport,Debit,
TXN000758,UPL_006,2025-08-17,21421.36,Transport,Debit,
TXN000759,UPL_006,2025-08-20,14745.88,Transport,Debit,
TXN000760,UPL_006,2025-09-02,130545.31,Salary,Credit,
TXN000761,UPL_006,2025-09-03,7299.36,Rent,Debit,False
TXN000762,UPL_006,2025-09-05,24331.21,EMI,Debit,True
TXN000763,UPL_006,2025-09-09,834.38,Utility,Debit,True
TXN000764,UPL_006,2025-09-22,1395.98,Utility,Debit,False
TXN000765,UPL_006,2025-09-23,2852.02,Food,Debit,
TXN000766,UPL_006,2025-09-26,1575.05,Food,Debit,
TXN000767,UPL_006,2025-09-21,2264.01,Food,Debit,
TXN000768,UPL_006,2025-09-11,9191.21,Discretionary,Debit,
TXN000769,UPL_006,2025-09-27,15414.64,Transport,Debit,
TXN000770,UPL_006,2025-09-01,15946.16,Transport,Debit,
TXN000771,UPL_007,2024-10-02,69657.17,Salary,Credit,
TXN000772,UPL_007,2024-10-05,10090.06,EMI,Debit,True
TXN000773,UPL_007,2024-10-11,826.72,Utility,Debit,True
TXN000774,UPL_007,2024-10-11,854.95,Utility,Debit,True
TXN000775,UPL_007,2024-10-19,1343.02,Food,Debit,
TXN000776,UPL_007,2024-10-10,1881.7,Food,Debit,
TXN000777,UPL_007,2024-10-28,1820.31,Food,Debit,
TXN000778,UPL_007,2024-10-14,15451.07,Transport,Debit,
TXN000779,UPL_007,2024-10-13,15780.07,Transport,Debit,
TXN000780,UPL_007,2024-11-01,69657.17,Salary,Credit,
TXN000781,UPL_007,2024-11-08,12664.34,EMI,Debit,True
TXN000782,UPL_007,2024-11-15,1343.21,Utility,Debit,True
TXN000783,UPL_007,2024-11-19,767.51,Utility,Debit,True
TXN000784,UPL_007,2024-11-10,1932.26,Food,Debit,
TXN000785,UPL_007,2024-11-05,2797.59,Food,Debit,
TXN000786,UPL_007,2024-11-04,1602.32,Food,Debit,
TXN000787,UPL_007,2024-11-27,11780.81,Transport,Debit,
TXN000788,UPL_007,2024-11-08,27418.34,Transport,Debit,
TXN000789,UPL_007,2024-12-03,69657.17,Salary,Credit,
TXN000790,UPL_007,2024-12-08,12826.74,EMI,Debit,False
TXN000791,UPL_007,2024-12-17,1188.77,Utility,Debit,True
TXN000792,UPL_007,2024-12-18,949.02,Utility,Debit,False
TXN000793,UPL_007,2024-12-04,2353.61,Food,Debit,
TXN000794,UPL_007,2024-12-21,2412.47,Food,Debit,
TXN000795,UPL_007,2024-12-25,1647.29,Food,Debit,
TXN000796,UPL_007,2024-12-16,8825.82,Discretionary,Debit,
TXN000797,UPL_007,2024-12-01,12758.07,Transport,Debit,
TXN000798,UPL_007,2024-12-20,11525.34,Discretionary,Debit,
TXN000799,UPL_007,2024-12-04,6592.58,Transport,Debit,
TXN000800,UPL_007,2025-01-01,69657.17,Salary,Credit,
TXN000801,UPL_007,2025-01-10,9344.55,EMI,Debit,True
TXN000802,UPL_007,2025-01-21,914.91,Utility,Debit,True
TXN000803,UPL_007,2025-01-12,642.51,Utility,Debit,False
TXN000804,UPL_007,2025-01-23,1690.17,Food,Debit,
TXN000805,UPL_007,2025-01-08,937.61,Food,Debit,
TXN000806,UPL_007,2025-01-04,2044.5,Food,Debit,
TXN000807,UPL_007,2025-01-05,11567.47,Transport,Debit,
TXN000808,UPL_007,2025-01-17,6830.96,Discretionary,Debit,
TXN000809,UPL_007,2025-01-22,10525.17,Discretionary,Debit,
TXN000810,UPL_007,2025-02-03,69657.17,Salary,Credit,
TXN000811,UPL_007,2025-02-06,9349.27,EMI,Debit,True
TXN000812,UPL_007,2025-02-12,668.36,Utility,Debit,True
TXN000813,UPL_007,2025-02-21,889.85,Utility,Debit,True
TXN000814,UPL_007,2025-02-16,1838.1,Food,Debit,
TXN000815,UPL_007,2025-02-11,1104.32,Food,Debit,
TXN000816,UPL_007,2025-02-13,1732.21,Food,Debit,
TXN000817,UPL_007,2025-02-09,13107.14,Transport,Debit,
TXN000818,UPL_007,2025-02-16,8243.6,Discretionary,Debit,
TXN000819,UPL_007,2025-02-20,7587.47,Transport,Debit,
TXN000820,UPL_007,2025-03-02,69657.17,Salary,Credit,
TXN000821,UPL_007,2025-03-06,8966.64,EMI,Debit,True
TXN000822,UPL_007,2025-03-12,666.0,Utility,Debit,True
TXN000823,UPL_007,2025-03-18,828.44,Utility,Debit,False
TXN000824,UPL_007,2025-03-12,1409.77,Food,Debit,
TXN000825,UPL_007,2025-03-06,1617.44,Food,Debit,
TXN000826,UPL_007,2025-03-16,1456.11,Food,Debit,
TXN000827,UPL_007,2025-03-05,11922.57,Discretionary,Debit,
TXN000828,UPL_007,2025-03-04,7954.44,Transport,Debit,
TXN000829,UPL_007,2025-03-04,7876.88,Discretionary,Debit,
TXN000830,UPL_007,2025-04-03,69657.17,Salary,Credit,
TXN000831,UPL_007,2025-04-10,14218.02,EMI,Debit,True
TXN000832,UPL_007,2025-04-14,728.46,Utility,Debit,False
TXN000833,UPL_007,2025-04-22,1641.21,Utility,Debit,False
TXN000834,UPL_007,2025-04-16,2605.52,Food,Debit,
TXN000835,UPL_007,2025-04-15,2392.26,Food,Debit,
TXN000836,UPL_007,2025-04-07,2111.24,Food,Debit,
TXN000837,UPL_007,2025-04-20,15704.22,Discretionary,Debit,
TXN000838,UPL_007,2025-04-09,9871.66,Transport,Debit,
TXN000839,UPL_007,2025-04-27,11514.56,Discretionary,Debit,
TXN000840,UPL_007,2025-04-09,6917.72,Discretionary,Debit,
TXN000841,UPL_007,2025-05-02,69657.17,Salary,Credit,
TXN000842,UPL_007,2025-05-07,14747.28,EMI,Debit,True
TXN000843,UPL_007,2025-05-11,728.34,Utility,Debit,False
TXN000844,UPL_007,2025-05-16,1729.54,Utility,Debit,False
TXN000845,UPL_007,2025-05-06,3286.59,Food,Debit,
TXN000846,UPL_007,2025-05-09,2302.29,Food,Debit,
TXN000847,UPL_007,2025-05-03,1784.76,Food,Debit,
TXN000848,UPL_007,2025-05-02,19229.19,Discretionary,Debit,
TXN000849,UPL_007,2025-05-05,9913.71,Discretionary,Debit,
TXN000850,UPL_007,2025-05-27,16503.43,Discretionary,Debit,
TXN000851,UPL_007,2025-06-03,69657.17,Salary,Credit,
TXN000852,UPL_007,2025-06-05,11597.95,EMI,Debit,True
TXN000853,UPL_007,2025-06-17,884.63,Utility,Debit,False
TXN000854,UPL_007,2025-06-23,1048.36,Utility,Debit,True
TXN000855,UPL_007,2025-06-02,2357.71,Food,Debit,
TXN000856,UPL_007,2025-06-06,1830.24,Food,Debit,
TXN000857,UPL_007,2025-06-17,1611.02,Food,Debit,
TXN000858,UPL_007,2025-06-25,12291.57,Transport,Debit,
TXN000859,UPL_007,2025-06-06,14306.81,Discretionary,Debit,
TXN000860,UPL_007,2025-06-23,9300.05,Transport,Debit,
TXN000861,UPL_007,2025-07-01,69657.17,Salary,Credit,
TXN000862,UPL_007,2025-07-05,8995.85,EMI,Debit,False
TXN000863,UPL_007,2025-07-12,852.77,Utility,Debit,False
TXN000864,UPL_007,2025-07-15,646.54,Utility,Debit,True
TXN000865,UPL_007,2025-07-22,1356.11,Food,Debit,
TXN000866,UPL_007,2025-07-26,1615.96,Food,Debit,
TXN000867,UPL_007,2025-07-07,1525.86,Food,Debit,
TXN000868,UPL_007,2025-07-05,16883.73,Discretionary,Debit,
TXN000869,UPL_007,2025-07-25,10960.56,Discretionary,Debit,
TXN000870,UPL_007,2025-08-02,69657.17,Salary,Credit,
TXN000871,UPL_007,2025-08-07,9446.86,EMI,Debit,True
TXN000872,UPL_007,2025-08-08,859.67,Utility,Debit,False
TXN000873,UPL_007,2025-08-22,714.81,Utility,Debit,True
TXN000874,UPL_007,2025-08-06,1702.43,Food,Debit,
TXN000875,UPL_007,2025-08-09,1168.23,Food,Debit,
TXN000876,UPL_007,2025-08-16,1852.77,Food,Debit,
TXN000877,UPL_007,2025-08-16,15694.69,Transport,Debit,
TXN000878,UPL_007,2025-08-25,13545.59,Discretionary,Debit,
TXN000879,UPL_007,2025-09-02,69657.17,Salary,Credit,
TXN000880,UPL_007,2025-09-12,11851.87,EMI,Debit,True
TXN000881,UPL_007,2025-09-14,926.44,Utility,Debit,True
TXN000882,UPL_007,2025-09-18,1048.88,Utility,Debit,True
TXN000883,UPL_007,2025-09-07,1363.38,Food,Debit,
TXN000884,UPL_007,2025-09-18,2483.26,Food,Debit,
TXN000885,UPL_007,2025-09-07,2079.29,Food,Debit,
TXN000886,UPL_007,2025-09-15,23743.07,Transport,Debit,
TXN000887,UPL_007,2025-09-09,12941.29,Transport,Debit,
TXN000888,UPL_008,2024-10-02,108631.53,Salary,Credit,
TXN000889,UPL_008,2024-10-01,14127.44,Rent,Debit,True
TXN000890,UPL_008,2024-10-18,1693.43,Utility,Debit,True
TXN000891,UPL_008,2024-10-09,2623.28,Utility,Debit,True
TXN000892,UPL_008,2024-10-10,5286.93,Food,Debit,
TXN000893,UPL_008,2024-10-11,4855.68,Food,Debit,
TXN000894,UPL_008,2024-10-11,2807.54,Food,Debit,
TXN000895,UPL_008,2024-10-08,6645.45,Transport,Debit,
TXN000896,UPL_008,2024-10-15,8128.35,Transport,Debit,
TXN000897,UPL_008,2024-11-01,108631.53,Salary,Credit,
TXN000898,UPL_008,2024-11-01,15692.77,Rent,Debit,True
TXN000899,UPL_008,2024-11-17,2530.51,Utility,Debit,True
TXN000900,UPL_008,2024-11-16,2264.5,Utility,Debit,True
TXN000901,UPL_008,2024-11-10,3067.94,Food,Debit,
TXN000902,UPL_008,2024-11-17,7404.79,Food,Debit,
TXN000903,UPL_008,2024-11-01,3912.32,Food,Debit,
TXN000904,UPL_008,2024-11-25,8495.45,Transport,Debit,
TXN000905,UPL_008,2024-11-06,7915.3,Discretionary,Debit,
TXN000906,UPL_008,2024-12-03,108631.53,Salary,Credit,
TXN000907,UPL_008,2024-12-04,15278.19,Rent,Debit,True
TXN000908,UPL_008,2024-12-13,1817.84,Utility,Debit,True
TXN000909,UPL_008,2024-12-11,2850.49,Utility,Debit,True
TXN000910,UPL_008,2024-12-19,5560.36,Food,Debit,
TXN000911,UPL_008,2024-12-15,4050.35,Food,Debit,
TXN000912,UPL_008,2024-12-15,4394.3,Food,Debit,
TXN000913,UPL_008,2024-12-11,9575.37,Transport,Debit,
TXN000914,UPL_008,2024-12-10,6401.82,Transport,Debit,
TXN000915,UPL_008,2025-01-01,108631.53,Salary,Credit,
TXN000916,UPL_008,2025-01-02,16135.88,Rent,Debit,True
TXN000917,UPL_008,2025-01-19,2449.18,Utility,Debit,True
TXN000918,UPL_008,2025-01-09,2481.23,Utility,Debit,True
TXN000919,UPL_008,2025-01-25,6679.26,Food,Debit,
TXN000920,UPL_008,2025-01-24,4925.62,Food,Debit,
TXN000921,UPL_008,2025-01-12,3186.35,Food,Debit,
TXN000922,UPL_008,2025-01-12,4986.0,Discretionary,Debit,
TXN000923,UPL_008,2025-01-04,2585.58,Transport,Debit,
TXN000924,UPL_008,2025-01-07,5022.19,Discretionary,Debit,
TXN000925,UPL_008,2025-01-07,4280.36,Transport,Debit,
TXN000926,UPL_008,2025-02-03,108631.53,Salary,Credit,
TXN000927,UPL_008,2025-02-05,15353.61,Rent,Debit,True
TXN000928,UPL_008,2025-02-12,2084.01,Utility,Debit,True
TXN000929,UPL_008,2025-02-24,2607.36,Utility,Debit,True
TXN000930,UPL_008,2025-02-10,4093.01,Food,Debit,
TXN000931,UPL_008,2025-02-08,4795.51,Food,Debit,
TXN000932,UPL_008,2025-02-10,5185.62,Food,Debit,
TXN000933,UPL_008,2025-02-15,4305.03,Transport,Debit,
TXN000934,UPL_008,2025-02-18,11751.03,Transport,Debit,
TXN000935,UPL_008,2025-03-02,108631.53,Salary,Credit,
TXN000936,UPL_008,2025-03-02,14847.05,Rent,Debit,True
TXN000937,UPL_008,2025-03-15,2732.63,Utility,Debit,True
TXN000938,UPL_008,2025-03-14,1803.97,Utility,Debit,True
TXN000939,UPL_008,2025-03-10,3718.16,Food,Debit,
TXN000940,UPL_008,2025-03-10,3470.41,Food,Debit,
TXN000941,UPL_008,2025-03-25,6421.22,Food,Debit,
TXN000942,UPL_008,2025-03-11,9301.89,Discretionary,Debit,
TXN000943,UPL_008,2025-03-01,6224.43,Discretionary,Debit,
TXN000944,UPL_008,2025-04-02,108631.53,Salary,Credit,
TXN000945,UPL_008,2025-04-02,15972.48,Rent,Debit,True
TXN000946,UPL_008,2025-04-14,2611.53,Utility,Debit,False
TXN000947,UPL_008,2025-04-15,2268.95,Utility,Debit,True
TXN000948,UPL_008,2025-04-22,5350.85,Food,Debit,
TXN000949,UPL_008,2025-04-19,6198.67,Food,Debit,
TXN000950,UPL_008,2025-04-23,3091.92,Food,Debit,
TXN000951,UPL_008,2025-04-17,7816.68,Discretionary,Debit,
TXN000952,UPL_008,2025-04-07,8886.57,Transport,Debit,
TXN000953,UPL_008,2025-05-02,108631.53,Salary,Credit,
TXN000954,UPL_008,2025-05-05,15368.01,Rent,Debit,True
TXN000955,UPL_008,2025-05-09,2405.24,Utility,Debit,True
TXN000956,UPL_008,2025-05-14,2290.54,Utility,Debit,True
TXN000957,UPL_008,2025-05-21,5187.33,Food,Debit,
TXN000958,UPL_008,2025-05-13,5635.66,Food,Debit,
TXN000959,UPL_008,2025-05-07,3264.35,Food,Debit,
TXN000960,UPL_008,2025-05-03,2781.84,Transport,Debit,
TXN000961,UPL_008,2025-05-25,4777.33,Transport,Debit,
TXN000962,UPL_008,2025-05-21,3857.25,Transport,Debit,
TXN000963,UPL_008,2025-05-18,4654.69,Discretionary,Debit,
TXN000964,UPL_008,2025-06-03,108631.53,Salary,Credit,
TXN000965,UPL_008,2025-06-05,15718.87,Rent,Debit,True
TXN000966,UPL_008,2025-06-11,2491.3,Utility,Debit,True
TXN000967,UPL_008,2025-06-23,2311.69,Utility,Debit,True
TXN000968,UPL_008,2025-06-28,4643.54,Food,Debit,
TXN000969,UPL_008,2025-06-24,5219.81,Food,Debit,
TXN000970,UPL_008,2025-06-22,4545.62,Food,Debit,
TXN000971,UPL_008,2025-06-02,7203.84,Transport,Debit,
TXN000972,UPL_008,2025-06-17,9234.19,Transport,Debit,
TXN000973,UPL_008,2025-07-03,108631.53,Salary,Credit,
TXN000974,UPL_008,2025-07-05,15804.94,Rent,Debit,True
TXN000975,UPL_008,2025-07-14,2920.72,Utility,Debit,True
TXN000976,UPL_008,2025-07-13,1908.56,Utility,Debit,True
TXN000977,UPL_008,2025-07-10,6989.34,Food,Debit,
TXN000978,UPL_008,2025-07-14,3695.38,Food,Debit,
TXN000979,UPL_008,2025-07-15,3803.14,Food,Debit,
TXN000980,UPL_008,2025-07-08,6022.83,Discretionary,Debit,
TXN000981,UPL_008,2025-07-17,10505.21,Transport,Debit,
TXN000982,UPL_008,2025-08-03,108631.53,Salary,Credit,
TXN000983,UPL_008,2025-08-05,14796.78,Rent,Debit,True
TXN000984,UPL_008,2025-08-14,2943.92,Utility,Debit,True
TXN000985,UPL_008,2025-08-12,1577.32,Utility,Debit,True
TXN000986,UPL_008,2025-08-28,4826.25,Food,Debit,
TXN000987,UPL_008,2025-08-05,4758.24,Food,Debit,
TXN000988,UPL_008,2025-08-08,3979.22,Food,Debit,
TXN000989,UPL_008,2025-08-20,4192.0,Transport,Debit,
TXN000990,UPL_008,2025-08-23,3841.85,Discretionary,Debit,
TXN000991,UPL_008,2025-08-02,7439.91,Discretionary,Debit,
TXN000992,UPL_008,2025-09-01,108631.53,Salary,Credit,
TXN000993,UPL_008,2025-09-04,14011.56,Rent,Debit,True
TXN000994,UPL_008,2025-09-21,1299.89,Utility,Debit,True
TXN000995,UPL_008,2025-09-21,2981.42,Utility,Debit,True
TXN000996,UPL_008,2025-09-18,4735.52,Food,Debit,
TXN000997,UPL_008,2025-09-10,2515.5,Food,Debit,
TXN000998,UPL_008,2025-09-21,5592.91,Food,Debit,
TXN000999,UPL_008,2025-09-15,5515.42,Transport,Debit,
TXN001000,UPL_008,2025-09-05,9137.2,Discretionary,Debit,
TXN001001,UPL_009,2024-10-02,118351.71,Salary,Credit,
TXN001002,UPL_009,2024-10-05,6880.88,Rent,Debit,True
TXN001003,UPL_009,2024-10-06,22936.25,EMI,Debit,True
TXN001004,UPL_009,2024-10-11,657.38,Utility,Debit,True
TXN001005,UPL_009,2024-10-10,1445.11,Utility,Debit,True
TXN001006,UPL_009,2024-10-25,2855.29,Food,Debit,
TXN001007,UPL_009,2024-10-08,1137.72,Food,Debit,
TXN001008,UPL_009,2024-10-04,2314.46,Food,Debit,
TXN001009,UPL_009,2024-10-26,9886.79,Transport,Debit,
TXN001010,UPL_009,2024-10-11,5208.54,Discretionary,Debit,
TXN001011,UPL_009,2024-10-03,5417.46,Discretionary,Debit,
TXN001012,UPL_009,2024-10-21,9522.78,Discretionary,Debit,
TXN001013,UPL_009,2024-11-03,118351.71,Salary,Credit,
TXN001014,UPL_009,2024-11-05,6237.7,Rent,Debit,True
TXN001015,UPL_009,2024-11-06,20792.33,EMI,Debit,True
TXN001016,UPL_009,2024-11-22,1234.0,Utility,Debit,True
TXN001017,UPL_009,2024-11-08,671.96,Utility,Debit,True
TXN001018,UPL_009,2024-11-10,2238.17,Food,Debit,
TXN001019,UPL_009,2024-11-24,2422.78,Food,Debit,
TXN001020,UPL_009,2024-11-07,1056.94,Food,Debit,
TXN001021,UPL_009,2024-11-27,9055.5,Discretionary,Debit,
TXN001022,UPL_009,2024-11-06,6175.16,Discretionary,Debit,
TXN001023,UPL_009,2024-11-21,11997.39,Discretionary,Debit,
TXN001024,UPL_009,2024-12-03,118351.71,Salary,Credit,
TXN001025,UPL_009,2024-12-01,6826.26,Rent,Debit,True
TXN001026,UPL_009,2024-12-12,22754.19,EMI,Debit,True
TXN001027,UPL_009,2024-12-12,1096.24,Utility,Debit,True
TXN001028,UPL_009,2024-12-15,989.56,Utility,Debit,False
TXN001029,UPL_009,2024-12-11,2249.08,Food,Debit,
TXN001030,UPL_009,2024-12-10,2180.64,Food,Debit,
TXN001031,UPL_009,2024-12-08,1827.69,Food,Debit,
TXN001032,UPL_009,2024-12-10,4177.67,Discretionary,Debit,
TXN001033,UPL_009,2024-12-20,5250.62,Discretionary,Debit,
TXN001034,UPL_009,2024-12-06,10178.79,Transport,Debit,
TXN001035,UPL_009,2024-12-11,10190.08,Transport,Debit,
TXN001036,UPL_009,2025-01-02,118351.71,Salary,Credit,
TXN001037,UPL_009,2025-01-04,6073.32,Rent,Debit,True
TXN001038,UPL_009,2025-01-05,20244.41,EMI,Debit,True
TXN001039,UPL_009,2025-01-17,1205.54,Utility,Debit,False
TXN001040,UPL_009,2025-01-09,650.19,Utility,Debit,False
TXN001041,UPL_009,2025-01-18,1216.79,Food,Debit,
TXN001042,UPL_009,2025-01-16,2258.84,Food,Debit,
TXN001043,UPL_009,2025-01-11,2091.58,Food,Debit,
TXN001044,UPL_009,2025-01-27,6349.03,Discretionary,Debit,
TXN001045,UPL_009,2025-01-25,8436.24,Transport,Debit,
TXN001046,UPL_009,2025-01-16,5507.2,Transport,Debit,
TXN001047,UPL_009,2025-01-26,6218.06,Discretionary,Debit,
TXN001048,UPL_009,2025-02-01,118351.71,Salary,Credit,
TXN001049,UPL_009,2025-02-03,6552.07,Rent,Debit,True
TXN001050,UPL_009,2025-02-09,21840.25,EMI,Debit,True
TXN001051,UPL_009,2025-02-18,847.4,Utility,Debit,True
TXN001052,UPL_009,2025-02-18,1154.62,Utility,Debit,True
TXN001053,UPL_009,2025-02-02,2192.41,Food,Debit,
TXN001054,UPL_009,2025-02-26,1410.84,Food,Debit,
TXN001055,UPL_009,2025-02-12,2402.82,Food,Debit,
TXN001056,UPL_009,2025-02-20,6167.38,Transport,Debit,
TXN001057,UPL_009,2025-02-15,4510.44,Transport,Debit,
TXN001058,UPL_009,2025-02-27,9912.46,Discretionary,Debit,
TXN001059,UPL_009,2025-02-03,8010.04,Discretionary,Debit,
TXN001060,UPL_009,2025-03-01,118351.71,Salary,Credit,
TXN001061,UPL_009,2025-03-02,6160.85,Rent,Debit,True
TXN001062,UPL_009,2025-03-05,20536.17,EMI,Debit,True
TXN001063,UPL_009,2025-03-09,810.77,Utility,Debit,True
TXN001064,UPL_009,2025-03-19,1071.71,Utility,Debit,True
TXN001065,UPL_009,2025-03-16,2641.89,Food,Debit,
TXN001066,UPL_009,2025-03-03,1792.45,Food,Debit,
TXN001067,UPL_009,2025-03-15,1213.1,Food,Debit,
TXN001068,UPL_009,2025-03-22,6244.15,Transport,Debit,
TXN001069,UPL_009,2025-03-13,14853.47,Transport,Debit,
TXN001070,UPL_009,2025-03-22,5794.99,Transport,Debit,
TXN001071,UPL_009,2025-04-03,118351.71,Salary,Credit,
TXN001072,UPL_009,2025-04-01,6223.92,Rent,Debit,True
TXN001073,UPL_009,2025-04-12,20746.41,EMI,Debit,True
TXN001074,UPL_009,2025-04-22,1280.59,Utility,Debit,True
TXN001075,UPL_009,2025-04-22,621.16,Utility,Debit,True
TXN001076,UPL_009,2025-04-14,2021.16,Food,Debit,
TXN001077,UPL_009,2025-04-27,2521.05,Food,Debit,
TXN001078,UPL_009,2025-04-01,1163.05,Food,Debit,
TXN001079,UPL_009,2025-04-14,13259.15,Transport,Debit,
TXN001080,UPL_009,2025-04-26,13908.77,Discretionary,Debit,
TXN001081,UPL_009,2025-05-02,118351.71,Salary,Credit,
TXN001082,UPL_009,2025-05-01,7139.2,Rent,Debit,False
TXN001083,UPL_009,2025-05-09,23797.35,EMI,Debit,True
TXN001084,UPL_009,2025-05-11,806.9,Utility,Debit,False
TXN001085,UPL_009,2025-05-10,1374.53,Utility,Debit,True
TXN001086,UPL_009,2025-05-10,2444.11,Food,Debit,
TXN001087,UPL_009,2025-05-15,2545.35,Food,Debit,
TXN001088,UPL_009,2025-05-24,1554.81,Food,Debit,
TXN001089,UPL_009,2025-05-23,20581.76,Discretionary,Debit,
TXN001090,UPL_009,2025-05-07,10581.44,Transport,Debit,
TXN001091,UPL_009,2025-06-01,118351.71,Salary,Credit,
TXN001092,UPL_009,2025-06-05,6427.08,Rent,Debit,True
TXN001093,UPL_009,2025-06-12,21423.58,EMI,Debit,True
TXN001094,UPL_009,2025-06-24,769.41,Utility,Debit,True
TXN001095,UPL_009,2025-06-21,1194.42,Utility,Debit,False
TXN001096,UPL_009,2025-06-19,2093.87,Food,Debit,
TXN001097,UPL_009,2025-06-09,1208.77,Food,Debit,
TXN001098,UPL_009,2025-06-16,2588.85,Food,Debit,
TXN001099,UPL_009,2025-06-14,12684.0,Discretionary,Debit,
TXN001100,UPL_009,2025-06-09,15370.7,Transport,Debit,
TXN001101,UPL_009,2025-07-02,118351.71,Salary,Credit,
TXN001102,UPL_009,2025-07-03,6160.11,Rent,Debit,True
TXN001103,UPL_009,2025-07-12,20533.71,EMI,Debit,True
TXN001104,UPL_009,2025-07-12,757.0,Utility,Debit,True
TXN001105,UPL_009,2025-07-14,1125.25,Utility,Debit,True
TXN001106,UPL_009,2025-07-19,1975.38,Food,Debit,
TXN001107,UPL_009,2025-07-09,1787.54,Food,Debit,
TXN001108,UPL_009,2025-07-24,1883.86,Food,Debit,
TXN001109,UPL_009,2025-07-18,4076.03,Transport,Debit,
TXN001110,UPL_009,2025-07-06,9029.49,Transport,Debit,
TXN001111,UPL_009,2025-07-10,5955.79,Transport,Debit,
TXN001112,UPL_009,2025-07-21,7828.08,Transport,Debit,
TXN001113,UPL_009,2025-08-02,118351.71,Salary,Credit,
TXN001114,UPL_009,2025-08-01,5947.59,Rent,Debit,True
TXN001115,UPL_009,2025-08-11,19825.3,EMI,Debit,True
TXN001116,UPL_009,2025-08-09,837.15,Utility,Debit,True
TXN001117,UPL_009,2025-08-21,980.17,Utility,Debit,True
TXN001118,UPL_009,2025-08-07,2200.26,Food,Debit,
TXN001119,UPL_009,2025-08-17,983.03,Food,Debit,
TXN001120,UPL_009,2025-08-01,2268.67,Food,Debit,
TXN001121,UPL_009,2025-08-28,12291.31,Discretionary,Debit,
TXN001122,UPL_009,2025-08-16,13670.39,Discretionary,Debit,
TXN001123,UPL_009,2025-09-02,118351.71,Salary,Credit,
TXN001124,UPL_009,2025-09-01,6532.92,Rent,Debit,True
TXN001125,UPL_009,2025-09-11,21776.4,EMI,Debit,True
TXN001126,UPL_009,2025-09-22,966.77,Utility,Debit,True
TXN001127,UPL_009,2025-09-16,1029.4,Utility,Debit,True
TXN001128,UPL_009,2025-09-11,1232.29,Food,Debit,
TXN001129,UPL_009,2025-09-18,2767.25,Food,Debit,
TXN001130,UPL_009,2025-09-13,1988.97,Food,Debit,
TXN001131,UPL_009,2025-09-14,15724.44,Transport,Debit,
TXN001132,UPL_009,2025-09-04,12792.27,Transport,Debit,
TXN001133,UPL_010,2024-10-02,135109.51,Salary,Credit,
TXN001134,UPL_010,2024-10-04,7129.37,Rent,Debit,True
TXN001135,UPL_010,2024-10-11,23764.56,EMI,Debit,True
TXN001136,UPL_010,2024-10-21,1341.26,Utility,Debit,True
TXN001137,UPL_010,2024-10-08,837.16,Utility,Debit,False
TXN001138,UPL_010,2024-10-09,2518.1,Food,Debit,
TXN001139,UPL_010,2024-10-09,2571.96,Food,Debit,
TXN001140,UPL_010,2024-10-07,1445.19,Food,Debit,
TXN001141,UPL_010,2024-10-21,52143.61,Discretionary,Debit,
TXN001142,UPL_010,2024-10-20,21413.37,Discretionary,Debit,
TXN001143,UPL_010,2024-11-01,135109.51,Salary,Credit,
TXN001144,UPL_010,2024-11-05,7107.25,Rent,Debit,True
TXN001145,UPL_010,2024-11-12,23690.83,EMI,Debit,False
TXN001146,UPL_010,2024-11-08,1310.24,Utility,Debit,True
TXN001147,UPL_010,2024-11-15,861.42,Utility,Debit,False
TXN001148,UPL_010,2024-11-08,2419.01,Food,Debit,
TXN001149,UPL_010,2024-11-13,2396.7,Food,Debit,
TXN001150,UPL_010,2024-11-22,1699.27,Food,Debit,
TXN001151,UPL_010,2024-11-19,16834.79,Transport,Debit,
TXN001152,UPL_010,2024-11-12,37253.49,Discretionary,Debit,
TXN001153,UPL_010,2024-11-02,19240.47,Discretionary,Debit,
TXN001154,UPL_010,2024-12-01,135109.51,Salary,Credit,
TXN001155,UPL_010,2024-12-03,5230.8,Rent,Debit,False
TXN001156,UPL_010,2024-12-09,17436.01,EMI,Debit,False
TXN001157,UPL_010,2024-12-14,897.19,Utility,Debit,True
TXN001158,UPL_010,2024-12-09,701.11,Utility,Debit,True
TXN001159,UPL_010,2024-12-08,1876.88,Food,Debit,
TXN001160,UPL_010,2024-12-14,1504.87,Food,Debit,
TXN001161,UPL_010,2024-12-22,1413.15,Food,Debit,
TXN001162,UPL_010,2024-12-24,22659.81,Transport,Debit,
TXN001163,UPL_010,2024-12-14,19900.91,Transport,Debit,
TXN001164,UPL_010,2024-12-02,11407.89,Discretionary,Debit,
TXN001165,UPL_010,2025-01-03,135109.51,Salary,Credit,
TXN001166,UPL_010,2025-01-04,6678.01,Rent,Debit,False
TXN001167,UPL_010,2025-01-11,22260.04,EMI,Debit,True
TXN001168,UPL_010,2025-01-08,898.29,Utility,Debit,False
TXN001169,UPL_010,2025-01-09,1142.22,Utility,Debit,True
TXN001170,UPL_010,2025-01-18,1611.68,Food,Debit,
TXN001171,UPL_010,2025-01-22,1209.5,Food,Debit,
TXN001172,UPL_010,2025-01-11,3300.33,Food,Debit,
TXN001173,UPL_010,2025-01-28,16102.27,Transport,Debit,
TXN001174,UPL_010,2025-01-22,28125.4,Discretionary,Debit,
TXN001175,UPL_010,2025-01-18,24672.46,Discretionary,Debit,
TXN001176,UPL_010,2025-02-02,135109.51,Salary,Credit,
TXN001177,UPL_010,2025-02-02,5722.64,Rent,Debit,True
TXN001178,UPL_010,2025-02-11,19075.47,EMI,Debit,True
TXN001179,UPL_010,2025-02-24,712.26,Utility,Debit,True
TXN001180,UPL_010,2025-02-12,1036.33,Utility,Debit,False
TXN001181,UPL_010,2025-02-01,2501.15,Food,Debit,
TXN001182,UPL_010,2025-02-18,1543.84,Food,Debit,
TXN001183,UPL_010,2025-02-08,1200.76,Food,Debit,
TXN001184,UPL_010,2025-02-06,36254.9,Discretionary,Debit,
TXN001185,UPL_010,2025-02-04,22788.22,Transport,Debit,
TXN001186,UPL_010,2025-03-01,135109.51,Salary,Credit,
TXN001187,UPL_010,2025-03-01,8661.74,Rent,Debit,False
TXN001188,UPL_010,2025-03-08,28872.48,EMI,Debit,True
TXN001189,UPL_010,2025-03-08,876.94,Utility,Debit,False
TXN001190,UPL_010,2025-03-12,1769.7,Utility,Debit,True
TXN001191,UPL_010,2025-03-19,1866.04,Food,Debit,
TXN001192,UPL_010,2025-03-26,3367.19,Food,Debit,
TXN001193,UPL_010,2025-03-04,2706.7,Food,Debit,
TXN001194,UPL_010,2025-03-27,38445.52,Discretionary,Debit,
TXN001195,UPL_010,2025-03-24,50921.68,Transport,Debit,
TXN001196,UPL_010,2025-04-02,135109.51,Salary,Credit,
TXN001197,UPL_010,2025-04-01,7678.52,Rent,Debit,True
TXN001198,UPL_010,2025-04-07,25595.07,EMI,Debit,True
TXN001199,UPL_010,2025-04-09,755.55,Utility,Debit,True
TXN001200,UPL_010,2025-04-22,1590.67,Utility,Debit,True
TXN001201,UPL_010,2025-04-13,2864.17,Food,Debit,
TXN001202,UPL_010,2025-04-10,2035.77,Food,Debit,
TXN001203,UPL_010,2025-04-12,2138.7,Food,Debit,
TXN001204,UPL_010,2025-04-14,16828.35,Transport,Debit,
TXN001205,UPL_010,2025-04-13,14883.17,Discretionary,Debit,
TXN001206,UPL_010,2025-04-04,19767.97,Transport,Debit,
TXN001207,UPL_010,2025-04-19,27743.34,Discretionary,Debit,
TXN001208,UPL_010,2025-05-01,135109.51,Salary,Credit,
TXN001209,UPL_010,2025-05-04,6929.6,Rent,Debit,True
TXN001210,UPL_010,2025-05-06,23098.65,EMI,Debit,True
TXN001211,UPL_010,2025-05-10,898.67,Utility,Debit,False
TXN001212,UPL_010,2025-05-20,1218.7,Utility,Debit,True
TXN001213,UPL_010,2025-05-01,2659.87,Food,Debit,
TXN001214,UPL_010,2025-05-20,2370.07,Food,Debit,
TXN001215,UPL_010,2025-05-15,1322.19,Food,Debit,
TXN001216,UPL_010,2025-05-07,24109.5,Transport,Debit,
TXN001217,UPL_010,2025-05-14,19999.88,Discretionary,Debit,
TXN001218,UPL_010,2025-05-17,27386.45,Discretionary,Debit,
TXN001219,UPL_010,2025-06-02,135109.51,Salary,Credit,
TXN001220,UPL_010,2025-06-04,6682.88,Rent,Debit,False
TXN001221,UPL_010,2025-06-09,22276.27,EMI,Debit,True
TXN001222,UPL_010,2025-06-20,1222.57,Utility,Debit,True
TXN001223,UPL_010,2025-06-16,819.42,Utility,Debit,False
TXN001224,UPL_010,2025-06-27,2311.52,Food,Debit,
TXN001225,UPL_010,2025-06-11,1394.18,Food,Debit,
TXN001226,UPL_010,2025-06-09,2420.27,Food,Debit,
TXN001227,UPL_010,2025-06-23,19259.51,Transport,Debit,
TXN001228,UPL_010,2025-06-26,21971.2,Transport,Debit,
TXN001229,UPL_010,2025-06-22,27719.64,Transport,Debit,
TXN001230,UPL_010,2025-07-01,135109.51,Salary,Credit,
TXN001231,UPL_010,2025-07-01,7932.17,Rent,Debit,True
TXN001232,UPL_010,2025-07-05,26440.58,EMI,Debit,True
TXN001233,UPL_010,2025-07-14,1419.99,Utility,Debit,True
TXN001234,UPL_010,2025-07-15,1003.73,Utility,Debit,False
TXN001235,UPL_010,2025-07-09,2120.19,Food,Debit,
TXN001236,UPL_010,2025-07-20,2755.25,Food,Debit,
TXN001237,UPL_010,2025-07-01,2395.71,Food,Debit,
TXN001238,UPL_010,2025-07-05,9197.52,Discretionary,Debit,
TXN001239,UPL_010,2025-07-22,21900.73,Discretionary,Debit,
TXN001240,UPL_010,2025-07-27,25494.68,Discretionary,Debit,
TXN001241,UPL_010,2025-07-28,25246.96,Discretionary,Debit,
TXN001242,UPL_010,2025-08-03,135109.51,Salary,Credit,
TXN001243,UPL_010,2025-08-04,8293.45,Rent,Debit,True
TXN001244,UPL_010,2025-08-11,27644.84,EMI,Debit,True
TXN001245,UPL_010,2025-08-14,1267.98,Utility,Debit,True
TXN001246,UPL_010,2025-08-09,1266.14,Utility,Debit,True
TXN001247,UPL_010,2025-08-04,3607.51,Food,Debit,
TXN001248,UPL_010,2025-08-24,2267.03,Food,Debit,
TXN001249,UPL_010,2025-08-08,1727.79,Food,Debit,
TXN001250,UPL_010,2025-08-23,32489.91,Transport,Debit,
TXN001251,UPL_010,2025-08-25,29534.19,Transport,Debit,
TXN001252,UPL_010,2025-08-13,23543.28,Discretionary,Debit,
TXN001253,UPL_010,2025-09-02,135109.51,Salary,Credit,
TXN001254,UPL_010,2025-09-02,7340.03,Rent,Debit,True
TXN001255,UPL_010,2025-09-07,24466.77,EMI,Debit,True
TXN001256,UPL_010,2025-09-16,1327.39,Utility,Debit,True
TXN001257,UPL_010,2025-09-19,915.39,Utility,Debit,True
TXN001258,UPL_010,2025-09-15,3097.53,Food,Debit,
TXN001259,UPL_010,2025-09-05,2405.69,Food,Debit,
TXN001260,UPL_010,2025-09-04,1225.14,Food,Debit,
TXN001261,UPL_010,2025-09-14,48214.98,Discretionary,Debit,
TXN001262,UPL_010,2025-09-28,27515.51,Transport,Debit,
TXN001263,UPL_011,2024-10-01,57728.9,Salary,Credit,
TXN001264,UPL_011,2024-10-05,3206.68,Rent,Debit,True
TXN001265,UPL_011,2024-10-11,10688.95,EMI,Debit,True
TXN001266,UPL_011,2024-10-09,517.51,Utility,Debit,True
TXN001267,UPL_011,2024-10-11,462.31,Utility,Debit,True
TXN001268,UPL_011,2024-10-09,882.24,Food,Debit,
TXN001269,UPL_011,2024-10-23,1170.05,Food,Debit,
TXN001270,UPL_011,2024-10-27,887.17,Food,Debit,
TXN001271,UPL_011,2024-10-17,3092.65,Discretionary,Debit,
TXN001272,UPL_011,2024-10-10,4799.3,Transport,Debit,
TXN001273,UPL_011,2024-10-20,6675.78,Transport,Debit,
TXN001274,UPL_011,2024-10-09,6345.43,Discretionary,Debit,
TXN001275,UPL_011,2024-11-02,57728.9,Salary,Credit,
TXN001276,UPL_011,2024-11-02,3216.21,Rent,Debit,False
TXN001277,UPL_011,2024-11-05,10720.69,EMI,Debit,True
TXN001278,UPL_011,2024-11-18,632.48,Utility,Debit,True
TXN001279,UPL_011,2024-11-15,350.25,Utility,Debit,True
TXN001280,UPL_011,2024-11-28,951.85,Food,Debit,
TXN001281,UPL_011,2024-11-15,751.67,Food,Debit,
TXN001282,UPL_011,2024-11-15,1244.67,Food,Debit,
TXN001283,UPL_011,2024-11-10,5756.01,Discretionary,Debit,
TXN001284,UPL_011,2024-11-16,6596.07,Discretionary,Debit,
TXN001285,UPL_011,2024-11-01,8623.19,Transport,Debit,
TXN001286,UPL_011,2024-12-03,57728.9,Salary,Credit,
TXN001287,UPL_011,2024-12-02,3588.36,Rent,Debit,True
TXN001288,UPL_011,2024-12-06,11961.19,EMI,Debit,False
TXN001289,UPL_011,2024-12-16,489.88,Utility,Debit,True
TXN001290,UPL_011,2024-12-08,606.56,Utility,Debit,False
TXN001291,UPL_011,2024-12-06,768.13,Food,Debit,
TXN001292,UPL_011,2024-12-09,1283.64,Food,Debit,
TXN001293,UPL_011,2024-12-23,1237.56,Food,Debit,
TXN001294,UPL_011,2024-12-28,11413.51,Discretionary,Debit,
TXN001295,UPL_011,2024-12-23,11988.82,Transport,Debit,
TXN001296,UPL_011,2025-01-03,57728.9,Salary,Credit,
TXN001297,UPL_011,2025-01-02,3500.69,Rent,Debit,True
TXN001298,UPL_011,2025-01-11,11668.98,EMI,Debit,True
TXN001299,UPL_011,2025-01-18,690.31,Utility,Debit,True
TXN001300,UPL_011,2025-01-16,379.35,Utility,Debit,True
TXN001301,UPL_011,2025-01-21,571.37,Food,Debit,
TXN001302,UPL_011,2025-01-26,1282.56,Food,Debit,
TXN001303,UPL_011,2025-01-17,1355.04,Food,Debit,
TXN001304,UPL_011,2025-01-26,15551.22,Discretionary,Debit,
TXN001305,UPL_011,2025-01-08,7279.39,Transport,Debit,
TXN001306,UPL_011,2025-02-03,57728.9,Salary,Credit,
TXN001307,UPL_011,2025-02-04,3475.96,Rent,Debit,True
TXN001308,UPL_011,2025-02-10,11586.53,EMI,Debit,True
TXN001309,UPL_011,2025-02-09,403.46,Utility,Debit,False
TXN001310,UPL_011,2025-02-20,658.64,Utility,Debit,True
TXN001311,UPL_011,2025-02-20,799.23,Food,Debit,
TXN001312,UPL_011,2025-02-18,1459.14,Food,Debit,
TXN001313,UPL_011,2025-02-05,927.93,Food,Debit,
TXN001314,UPL_011,2025-02-15,11048.57,Discretionary,Debit,
TXN001315,UPL_011,2025-02-15,11620.73,Transport,Debit,
TXN001316,UPL_011,2025-03-02,57728.9,Salary,Credit,
TXN001317,UPL_011,2025-03-04,3443.53,Rent,Debit,True
TXN001318,UPL_011,2025-03-06,11478.45,EMI,Debit,True
TXN001319,UPL_011,2025-03-18,639.43,Utility,Debit,True
TXN001320,UPL_011,2025-03-16,412.76,Utility,Debit,True
TXN001321,UPL_011,2025-03-04,1364.7,Food,Debit,
TXN001322,UPL_011,2025-03-14,739.53,Food,Debit,
TXN001323,UPL_011,2025-03-09,1052.34,Food,Debit,
TXN001324,UPL_011,2025-03-02,4175.34,Discretionary,Debit,
TXN001325,UPL_011,2025-03-22,4312.76,Transport,Debit,
TXN001326,UPL_011,2025-03-06,3827.58,Discretionary,Debit,
TXN001327,UPL_011,2025-03-14,10142.15,Transport,Debit,
TXN001328,UPL_011,2025-04-01,57728.9,Salary,Credit,
TXN001329,UPL_011,2025-04-01,2733.01,Rent,Debit,True
TXN001330,UPL_011,2025-04-11,9110.04,EMI,Debit,False
TXN001331,UPL_011,2025-04-19,575.98,Utility,Debit,False
TXN001332,UPL_011,2025-04-24,259.11,Utility,Debit,True
TXN001333,UPL_011,2025-04-06,1089.71,Food,Debit,
TXN001334,UPL_011,2025-04-17,858.3,Food,Debit,
TXN001335,UPL_011,2025-04-08,557.25,Food,Debit,
TXN001336,UPL_011,2025-04-24,6427.73,Transport,Debit,
TXN001337,UPL_011,2025-04-19,5303.42,Discretionary,Debit,
TXN001338,UPL_011,2025-04-13,6092.84,Discretionary,Debit,
TXN001339,UPL_011,2025-05-01,57728.9,Salary,Credit,
TXN001340,UPL_011,2025-05-01,3576.19,Rent,Debit,True
TXN001341,UPL_011,2025-05-11,11920.63,EMI,Debit,True
TXN001342,UPL_011,2025-05-14,528.65,Utility,Debit,True
TXN001343,UPL_011,2025-05-08,564.07,Utility,Debit,True
TXN001344,UPL_011,2025-05-11,1306.32,Food,Debit,
TXN001345,UPL_011,2025-05-17,1402.14,Food,Debit,
TXN001346,UPL_011,2025-05-17,569.72,Food,Debit,
TXN001347,UPL_011,2025-05-23,15741.21,Discretionary,Debit,
TXN001348,UPL_011,2025-05-20,7581.76,Transport,Debit,
TXN001349,UPL_011,2025-06-01,57728.9,Salary,Credit,
TXN001350,UPL_011,2025-06-01,3224.04,Rent,Debit,True
TXN001351,UPL_011,2025-06-05,10746.79,EMI,Debit,True
TXN001352,UPL_011,2025-06-24,636.81,Utility,Debit,True
TXN001353,UPL_011,2025-06-21,348.31,Utility,Debit,False
TXN001354,UPL_011,2025-06-01,1097.04,Food,Debit,
TXN001355,UPL_011,2025-06-18,1249.36,Food,Debit,
TXN001356,UPL_011,2025-06-12,608.97,Food,Debit,
TXN001357,UPL_011,2025-06-19,8223.57,Discretionary,Debit,
TXN001358,UPL_011,2025-06-17,12802.75,Discretionary,Debit,
TXN001359,UPL_011,2025-07-03,57728.9,Salary,Credit,
TXN001360,UPL_011,2025-07-01,2996.17,Rent,Debit,True
TXN001361,UPL_011,2025-07-10,9987.22,EMI,Debit,True
TXN001362,UPL_011,2025-07-08,508.1,Utility,Debit,True
TXN001363,UPL_011,2025-07-22,407.4,Utility,Debit,True
TXN001364,UPL_011,2025-07-17,759.02,Food,Debit,
TXN001365,UPL_011,2025-07-07,921.68,Food,Debit,
TXN001366,UPL_011,2025-07-08,1065.79,Food,Debit,
TXN001367,UPL_011,2025-07-13,5128.81,Discretionary,Debit,
TXN001368,UPL_011,2025-07-02,6428.4,Discretionary,Debit,
TXN001369,UPL_011,2025-07-13,4720.33,Transport,Debit,
TXN001370,UPL_011,2025-07-18,3262.68,Transport,Debit,
TXN001371,UPL_011,2025-08-02,57728.9,Salary,Credit,
TXN001372,UPL_011,2025-08-03,3384.63,Rent,Debit,True
TXN001373,UPL_011,2025-08-11,11282.11,EMI,Debit,False
TXN001374,UPL_011,2025-08-24,635.85,Utility,Debit,True
TXN001375,UPL_011,2025-08-20,398.34,Utility,Debit,True
TXN001376,UPL_011,2025-08-15,1328.44,Food,Debit,
TXN001377,UPL_011,2025-08-12,876.56,Food,Debit,
TXN001378,UPL_011,2025-08-21,897.58,Food,Debit,
TXN001379,UPL_011,2025-08-03,3188.93,Transport,Debit,
TXN001380,UPL_011,2025-08-09,5567.51,Transport,Debit,
TXN001381,UPL_011,2025-08-24,9220.72,Discretionary,Debit,
TXN001382,UPL_011,2025-08-24,4096.53,Discretionary,Debit,
TXN001383,UPL_011,2025-09-02,57728.9,Salary,Credit,
TXN001384,UPL_011,2025-09-01,3360.13,Rent,Debit,True
TXN001385,UPL_011,2025-09-05,11200.43,EMI,Debit,True
TXN001386,UPL_011,2025-09-09,342.6,Utility,Debit,True
TXN001387,UPL_011,2025-09-11,684.11,Utility,Debit,True
TXN001388,UPL_011,2025-09-19,898.25,Food,Debit,
TXN001389,UPL_011,2025-09-08,1539.56,Food,Debit,
TXN001390,UPL_011,2025-09-06,642.3,Food,Debit,
TXN001391,UPL_011,2025-09-21,4315.76,Transport,Debit,
TXN001392,UPL_011,2025-09-08,12227.43,Discretionary,Debit,
TXN001393,UPL_011,2025-09-26,5370.7,Transport,Debit,
TXN001394,UPL_012,2024-10-01,84142.24,Salary,Credit,
TXN001395,UPL_012,2024-10-05,4058.46,Rent,Debit,True
TXN001396,UPL_012,2024-10-06,13528.19,EMI,Debit,True
TXN001397,UPL_012,2024-10-10,573.26,Utility,Debit,True
TXN001398,UPL_012,2024-10-13,666.83,Utility,Debit,True
TXN001399,UPL_012,2024-10-08,843.42,Food,Debit,
TXN001400,UPL_012,2024-10-17,1576.36,Food,Debit,
TXN001401,UPL_012,2024-10-11,1300.48,Food,Debit,
TXN001402,UPL_012,2024-10-11,5726.42,Transport,Debit,
TXN001403,UPL_012,2024-10-18,4885.55,Transport,Debit,
TXN001404,UPL_012,2024-10-17,6334.78,Discretionary,Debit,
TXN001405,UPL_012,2024-10-06,5600.25,Discretionary,Debit,
TXN001406,UPL_012,2024-11-02,84142.24,Salary,Credit,
TXN001407,UPL_012,2024-11-03,4705.99,Rent,Debit,True
TXN001408,UPL_012,2024-11-06,15686.63,EMI,Debit,True
TXN001409,UPL_012,2024-11-08,871.89,Utility,Debit,True
TXN001410,UPL_012,2024-11-18,566.05,Utility,Debit,True
TXN001411,UPL_012,2024-11-18,1339.15,Food,Debit,
TXN001412,UPL_012,2024-11-02,1706.43,Food,Debit,
TXN001413,UPL_012,2024-11-09,1268.24,Food,Debit,
TXN001414,UPL_012,2024-11-07,7743.03,Discretionary,Debit,
TXN001415,UPL_012,2024-11-04,5011.17,Transport,Debit,
TXN001416,UPL_012,2024-11-03,6633.77,Transport,Debit,
TXN001417,UPL_012,2024-11-05,6756.41,Discretionary,Debit,
TXN001418,UPL_012,2024-12-01,84142.24,Salary,Credit,
TXN001419,UPL_012,2024-12-05,4799.11,Rent,Debit,True
TXN001420,UPL_012,2024-12-09,15997.03,EMI,Debit,True
TXN001421,UPL_012,2024-12-08,593.17,Utility,Debit,True
TXN001422,UPL_012,2024-12-09,873.22,Utility,Debit,True
TXN001423,UPL_012,2024-12-09,1735.05,Food,Debit,
TXN001424,UPL_012,2024-12-15,951.73,Food,Debit,
TXN001425,UPL_012,2024-12-21,1712.4,Food,Debit,
TXN001426,UPL_012,2024-12-25,5160.93,Transport,Debit,
TXN001427,UPL_012,2024-12-04,4925.63,Discretionary,Debit,
TXN001428,UPL_012,2024-12-13,11031.87,Transport,Debit,
TXN001429,UPL_012,2024-12-19,5543.28,Transport,Debit,
TXN001430,UPL_012,2025-01-03,84142.24,Salary,Credit,
TXN001431,UPL_012,2025-01-04,4929.93,Rent,Debit,True
TXN001432,UPL_012,2025-01-11,16433.11,EMI,Debit,True
TXN001433,UPL_012,2025-01-09,926.24,Utility,Debit,True
TXN001434,UPL_012,2025-01-14,580.13,Utility,Debit,True
TXN001435,UPL_012,2025-01-24,1905.74,Food,Debit,
TXN001436,UPL_012,2025-01-20,1484.13,Food,Debit,
TXN001437,UPL_012,2025-01-27,1129.25,Food,Debit,
TXN001438,UPL_012,2025-01-09,10017.2,Discretionary,Debit,
TXN001439,UPL_012,2025-01-06,6294.21,Transport,Debit,
TXN001440,UPL_012,2025-01-27,11077.11,Transport,Debit,
TXN001441,UPL_012,2025-02-03,84142.24,Salary,Credit,
TXN001442,UPL_012,2025-02-01,4379.73,Rent,Debit,True
TXN001443,UPL_012,2025-02-07,14599.11,EMI,Debit,False
TXN001444,UPL_012,2025-02-11,740.83,Utility,Debit,True
TXN001445,UPL_012,2025-02-23,597.43,Utility,Debit,True
TXN001446,UPL_012,2025-02-04,1275.83,Food,Debit,
TXN001447,UPL_012,2025-02-13,1091.39,Food,Debit,
TXN001448,UPL_012,2025-02-01,1647.53,Food,Debit,
TXN001449,UPL_012,2025-02-05,10838.39,Transport,Debit,
TXN001450,UPL_012,2025-02-18,4814.43,Discretionary,Debit,
TXN001451,UPL_012,2025-02-09,8679.03,Discretionary,Debit,
TXN001452,UPL_012,2025-03-02,84142.24,Salary,Credit,
TXN001453,UPL_012,2025-03-04,4558.81,Rent,Debit,True
TXN001454,UPL_012,2025-03-05,15196.03,EMI,Debit,True
TXN001455,UPL_012,2025-03-16,640.65,Utility,Debit,True
TXN001456,UPL_012,2025-03-15,752.31,Utility,Debit,True
TXN001457,UPL_012,2025-03-17,1701.61,Food,Debit,
TXN001458,UPL_012,2025-03-16,1215.51,Food,Debit,
TXN001459,UPL_012,2025-03-28,1261.79,Food,Debit,
TXN001460,UPL_012,2025-03-23,9008.65,Discretionary,Debit,
TXN001461,UPL_012,2025-03-21,10391.7,Discretionary,Debit,
TXN001462,UPL_012,2025-03-11,5926.36,Transport,Debit,
TXN001463,UPL_012,2025-04-03,84142.24,Salary,Credit,
TXN001464,UPL_012,2025-04-02,4659.83,Rent,Debit,False
TXN001465,UPL_012,2025-04-07,15532.78,EMI,Debit,True
TXN001466,UPL_012,2025-04-17,819.47,Utility,Debit,True
TXN001467,UPL_012,2025-04-09,604.37,Utility,Debit,True
TXN001468,UPL_012,2025-04-21,1336.83,Food,Debit,
TXN001469,UPL_012,2025-04-06,1869.09,Food,Debit,
TXN001470,UPL_012,2025-04-09,1065.6,Food,Debit,
TXN001471,UPL_012,2025-04-10,9483.6,Discretionary,Debit,
TXN001472,UPL_012,2025-04-16,7616.59,Discretionary,Debit,
TXN001473,UPL_012,2025-04-23,8787.77,Discretionary,Debit,
TXN001474,UPL_012,2025-05-02,84142.24,Salary,Credit,
TXN001475,UPL_012,2025-05-01,4912.67,Rent,Debit,False
TXN001476,UPL_012,2025-05-08,16375.57,EMI,Debit,True
TXN001477,UPL_012,2025-05-18,538.03,Utility,Debit,True
TXN001478,UPL_012,2025-05-17,963.06,Utility,Debit,False
TXN001479,UPL_012,2025-05-20,1770.51,Food,Debit,
TXN001480,UPL_012,2025-05-10,952.01,Food,Debit,
TXN001481,UPL_012,2025-05-04,1780.76,Food,Debit,
TXN001482,UPL_012,2025-05-09,5984.27,Discretionary,Debit,
TXN001483,UPL_012,2025-05-07,6221.48,Transport,Debit,
TXN001484,UPL_012,2025-05-16,6903.73,Transport,Debit,
TXN001485,UPL_012,2025-05-22,8183.14,Discretionary,Debit,
TXN001486,UPL_012,2025-06-01,84142.24,Salary,Credit,
TXN001487,UPL_012,2025-06-05,4187.13,Rent,Debit,True
TXN001488,UPL_012,2025-06-05,13957.1,EMI,Debit,True
TXN001489,UPL_012,2025-06-23,596.77,Utility,Debit,True
TXN001490,UPL_012,2025-06-19,682.63,Utility,Debit,True
TXN001491,UPL_012,2025-06-09,1185.14,Food,Debit,
TXN001492,UPL_012,2025-06-10,1596.53,Food,Debit,
TXN001493,UPL_012,2025-06-05,1056.53,Food,Debit,
TXN001494,UPL_012,2025-06-17,7128.33,Transport,Debit,
TXN001495,UPL_012,2025-06-10,5029.1,Discretionary,Debit,
TXN001496,UPL_012,2025-06-05,4198.41,Discretionary,Debit,
TXN001497,UPL_012,2025-06-07,6905.99,Transport,Debit,
TXN001498,UPL_012,2025-07-03,84142.24,Salary,Credit,
TXN001499,UPL_012,2025-07-05,4860.39,Rent,Debit,True
TXN001500,UPL_012,2025-07-08,16201.31,EMI,Debit,False
TXN001501,UPL_012,2025-07-16,913.53,Utility,Debit,False
TXN001502,UPL_012,2025-07-10,571.59,Utility,Debit,True
TXN001503,UPL_012,2025-07-07,1871.07,Food,Debit,
TXN001504,UPL_012,2025-07-22,1561.67,Food,Debit,
TXN001505,UPL_012,2025-07-15,1022.62,Food,Debit,
TXN001506,UPL_012,2025-07-03,4287.68,Discretionary,Debit,
TXN001507,UPL_012,2025-07-02,8603.33,Discretionary,Debit,
TXN001508,UPL_012,2025-07-19,5745.35,Transport,Debit,
TXN001509,UPL_012,2025-07-05,8365.82,Discretionary,Debit,
TXN001510,UPL_012,2025-08-01,84142.24,Salary,Credit,
TXN001511,UPL_012,2025-08-03,4383.75,Rent,Debit,True
TXN001512,UPL_012,2025-08-08,14612.51,EMI,Debit,True
TXN001513,UPL_012,2025-08-18,727.52,Utility,Debit,True
TXN001514,UPL_012,2025-08-08,611.96,Utility,Debit,True
TXN001515,UPL_012,2025-08-23,921.25,Food,Debit,
TXN001516,UPL_012,2025-08-27,1050.28,Food,Debit,
TXN001517,UPL_012,2025-08-16,2046.91,Food,Debit,
TXN001518,UPL_012,2025-08-09,7507.28,Discretionary,Debit,
TXN001519,UPL_012,2025-08-14,5688.0,Transport,Debit,
TXN001520,UPL_012,2025-08-03,5605.55,Discretionary,Debit,
TXN001521,UPL_012,2025-08-10,5553.36,Discretionary,Debit,
TXN001522,UPL_012,2025-09-03,84142.24,Salary,Credit,
TXN001523,UPL_012,2025-09-04,4136.57,Rent,Debit,True
TXN001524,UPL_012,2025-09-06,13788.55,EMI,Debit,True
TXN001525,UPL_012,2025-09-11,846.38,Utility,Debit,True
TXN001526,UPL_012,2025-09-12,417.57,Utility,Debit,True
TXN001527,UPL_012,2025-09-05,912.82,Food,Debit,
TXN001528,UPL_012,2025-09-09,1346.73,Food,Debit,
TXN001529,UPL_012,2025-09-18,1532.3,Food,Debit,
TXN001530,UPL_012,2025-09-14,11457.52,Discretionary,Debit,
TXN001531,UPL_012,2025-09-22,11523.41,Discretionary,Debit,
TXN001532,UPL_013,2024-10-01,75470.75,Salary,Credit,
TXN001533,UPL_013,2024-10-05,4241.09,Rent,Debit,True
TXN001534,UPL_013,2024-10-06,14136.96,EMI,Debit,True
TXN001535,UPL_013,2024-10-22,896.54,Utility,Debit,True
TXN001536,UPL_013,2024-10-24,399.35,Utility,Debit,True
TXN001537,UPL_013,2024-10-25,1542.31,Food,Debit,
TXN001538,UPL_013,2024-10-19,1553.27,Food,Debit,
TXN001539,UPL_013,2024-10-09,792.08,Food,Debit,
TXN001540,UPL_013,2024-10-06,3393.92,Discretionary,Debit,
TXN001541,UPL_013,2024-10-17,5128.67,Transport,Debit,
TXN001542,UPL_013,2024-10-16,6191.7,Discretionary,Debit,
TXN001543,UPL_013,2024-10-23,3798.4,Discretionary,Debit,
TXN001544,UPL_013,2024-11-02,75470.75,Salary,Credit,
TXN001545,UPL_013,2024-11-02,4428.54,Rent,Debit,True
TXN001546,UPL_013,2024-11-12,14761.81,EMI,Debit,True
TXN001547,UPL_013,2024-11-24,472.53,Utility,Debit,True
TXN001548,UPL_013,2024-11-16,880.63,Utility,Debit,True
TXN001549,UPL_013,2024-11-26,1178.03,Food,Debit,
TXN001550,UPL_013,2024-11-14,1200.3,Food,Debit,
TXN001551,UPL_013,2024-11-07,1681.16,Food,Debit,
TXN001552,UPL_013,2024-11-21,5726.18,Transport,Debit,
TXN001553,UPL_013,2024-11-15,5464.49,Discretionary,Debit,
TXN001554,UPL_013,2024-11-22,8140.26,Transport,Debit,
TXN001555,UPL_013,2024-12-03,75470.75,Salary,Credit,
TXN001556,UPL_013,2024-12-04,3931.14,Rent,Debit,True
TXN001557,UPL_013,2024-12-06,13103.82,EMI,Debit,True
TXN001558,UPL_013,2024-12-14,704.93,Utility,Debit,True
TXN001559,UPL_013,2024-12-20,496.25,Utility,Debit,True
TXN001560,UPL_013,2024-12-04,1255.69,Food,Debit,
TXN001561,UPL_013,2024-12-01,914.49,Food,Debit,
TXN001562,UPL_013,2024-12-08,1433.37,Food,Debit,
TXN001563,UPL_013,2024-12-28,6958.93,Discretionary,Debit,
TXN001564,UPL_013,2024-12-06,5441.17,Transport,Debit,
TXN001565,UPL_013,2024-12-18,4759.65,Transport,Debit,
TXN001566,UPL_013,2025-01-01,75470.75,Salary,Credit,
TXN001567,UPL_013,2025-01-04,3975.6,Rent,Debit,True
TXN001568,UPL_013,2025-01-06,13252.01,EMI,Debit,True
TXN001569,UPL_013,2025-01-09,362.95,Utility,Debit,True
TXN001570,UPL_013,2025-01-10,851.81,Utility,Debit,True
TXN001571,UPL_013,2025-01-28,1618.01,Food,Debit,
TXN001572,UPL_013,2025-01-21,956.39,Food,Debit,
TXN001573,UPL_013,2025-01-28,1069.9,Food,Debit,
TXN001574,UPL_013,2025-01-13,6681.13,Transport,Debit,
TXN001575,UPL_013,2025-01-05,4190.44,Discretionary,Debit,
TXN001576,UPL_013,2025-01-18,2670.39,Transport,Debit,
TXN001577,UPL_013,2025-01-05,3811.85,Transport,Debit,
TXN001578,UPL_013,2025-02-03,75470.75,Salary,Credit,
TXN001579,UPL_013,2025-02-04,4627.2,Rent,Debit,True
TXN001580,UPL_013,2025-02-06,15423.99,EMI,Debit,True
TXN001581,UPL_013,2025-02-22,967.31,Utility,Debit,True
TXN001582,UPL_013,2025-02-23,446.56,Utility,Debit,True
TXN001583,UPL_013,2025-02-01,1818.91,Food,Debit,
TXN001584,UPL_013,2025-02-03,777.61,Food,Debit,
TXN001585,UPL_013,2025-02-19,1645.08,Food,Debit,
TXN001586,UPL_013,2025-02-12,12151.18,Transport,Debit,
TXN001587,UPL_013,2025-02-12,8046.91,Transport,Debit,
TXN001588,UPL_013,2025-03-02,75470.75,Salary,Credit,
TXN001589,UPL_013,2025-03-02,4507.65,Rent,Debit,False
TXN001590,UPL_013,2025-03-11,15025.52,EMI,Debit,True
TXN001591,UPL_013,2025-03-21,837.21,Utility,Debit,True
TXN001592,UPL_013,2025-03-23,540.13,Utility,Debit,True
TXN001593,UPL_013,2025-03-25,1643.99,Food,Debit,
TXN001594,UPL_013,2025-03-06,1517.83,Food,Debit,
TXN001595,UPL_013,2025-03-05,970.21,Food,Debit,
TXN001596,UPL_013,2025-03-03,7938.6,Transport,Debit,
TXN001597,UPL_013,2025-03-22,3341.42,Discretionary,Debit,
TXN001598,UPL_013,2025-03-18,8396.25,Discretionary,Debit,
TXN001599,UPL_013,2025-04-03,75470.75,Salary,Credit,
TXN001600,UPL_013,2025-04-03,4216.14,Rent,Debit,True
TXN001601,UPL_013,2025-04-06,14053.8,EMI,Debit,False
TXN001602,UPL_013,2025-04-14,686.41,Utility,Debit,True
TXN001603,UPL_013,2025-04-09,601.86,Utility,Debit,True
TXN001604,UPL_013,2025-04-15,1518.64,Food,Debit,
TXN001605,UPL_013,2025-04-06,1492.2,Food,Debit,
TXN001606,UPL_013,2025-04-10,853.96,Food,Debit,
TXN001607,UPL_013,2025-04-14,6713.95,Discretionary,Debit,
TXN001608,UPL_013,2025-04-10,2568.48,Discretionary,Debit,
TXN001609,UPL_013,2025-04-06,6555.58,Discretionary,Debit,
TXN001610,UPL_013,2025-04-12,2565.78,Transport,Debit,
TXN001611,UPL_013,2025-05-03,75470.75,Salary,Credit,
TXN001612,UPL_013,2025-05-03,4166.74,Rent,Debit,True
TXN001613,UPL_013,2025-05-11,13889.12,EMI,Debit,True
TXN001614,UPL_013,2025-05-19,783.39,Utility,Debit,True
TXN001615,UPL_013,2025-05-09,489.78,Utility,Debit,True
TXN001616,UPL_013,2025-05-18,1289.69,Food,Debit,
TXN001617,UPL_013,2025-05-12,1327.18,Food,Debit,
TXN001618,UPL_013,2025-05-13,1202.64,Food,Debit,
TXN001619,UPL_013,2025-05-08,3322.26,Transport,Debit,
TXN001620,UPL_013,2025-05-12,6693.91,Transport,Debit,
TXN001621,UPL_013,2025-05-06,8171.96,Discretionary,Debit,
TXN001622,UPL_013,2025-06-02,75470.75,Salary,Credit,
TXN001623,UPL_013,2025-06-02,3811.18,Rent,Debit,True
TXN001624,UPL_013,2025-06-06,12703.93,EMI,Debit,True
TXN001625,UPL_013,2025-06-21,693.13,Utility,Debit,True
TXN001626,UPL_013,2025-06-22,471.4,Utility,Debit,True
TXN001627,UPL_013,2025-06-16,701.63,Food,Debit,
TXN001628,UPL_013,2025-06-08,1414.98,Food,Debit,
TXN001629,UPL_013,2025-06-24,1376.97,Food,Debit,
TXN001630,UPL_013,2025-06-14,11433.64,Transport,Debit,
TXN001631,UPL_013,2025-06-27,5202.46,Discretionary,Debit,
TXN001632,UPL_013,2025-07-02,75470.75,Salary,Credit,
TXN001633,UPL_013,2025-07-03,4029.95,Rent,Debit,True
TXN001634,UPL_013,2025-07-10,13433.17,EMI,Debit,True
TXN001635,UPL_013,2025-07-13,674.99,Utility,Debit,True
TXN001636,UPL_013,2025-07-20,556.38,Utility,Debit,False
TXN001637,UPL_013,2025-07-11,1410.45,Food,Debit,
TXN001638,UPL_013,2025-07-06,1054.01,Food,Debit,
TXN001639,UPL_013,2025-07-16,1229.65,Food,Debit,
TXN001640,UPL_013,2025-07-09,4897.55,Discretionary,Debit,
TXN001641,UPL_013,2025-07-28,4155.11,Discretionary,Debit,
TXN001642,UPL_013,2025-07-09,3671.66,Discretionary,Debit,
TXN001643,UPL_013,2025-07-25,4866.73,Discretionary,Debit,
TXN001644,UPL_013,2025-08-01,75470.75,Salary,Credit,
TXN001645,UPL_013,2025-08-04,4619.87,Rent,Debit,True
TXN001646,UPL_013,2025-08-08,15399.58,EMI,Debit,True
TXN001647,UPL_013,2025-08-16,832.08,Utility,Debit,False
TXN001648,UPL_013,2025-08-20,579.55,Utility,Debit,True
TXN001649,UPL_013,2025-08-24,1328.14,Food,Debit,
TXN001650,UPL_013,2025-08-22,1521.63,Food,Debit,
TXN001651,UPL_013,2025-08-25,1385.11,Food,Debit,
TXN001652,UPL_013,2025-08-02,5346.36,Transport,Debit,
TXN001653,UPL_013,2025-08-18,3183.83,Transport,Debit,
TXN001654,UPL_013,2025-08-12,6220.31,Transport,Debit,
TXN001655,UPL_013,2025-08-09,5415.63,Discretionary,Debit,
TXN001656,UPL_013,2025-09-03,75470.75,Salary,Credit,
TXN001657,UPL_013,2025-09-04,3736.02,Rent,Debit,True
TXN001658,UPL_013,2025-09-07,12453.4,EMI,Debit,True
TXN001659,UPL_013,2025-09-08,730.86,Utility,Debit,True
TXN001660,UPL_013,2025-09-09,410.7,Utility,Debit,True
TXN001661,UPL_013,2025-09-16,996.36,Food,Debit,
TXN001662,UPL_013,2025-09-13,1303.04,Food,Debit,
TXN001663,UPL_013,2025-09-19,1125.29,Food,Debit,
TXN001664,UPL_013,2025-09-04,5628.83,Discretionary,Debit,
TXN001665,UPL_013,2025-09-10,5459.0,Discretionary,Debit,
TXN001666,UPL_013,2025-09-16,5220.19,Discretionary,Debit,
TXN001667,UPL_014,2024-10-01,50937.3,Salary,Credit,
TXN001668,UPL_014,2024-10-02,3153.26,Rent,Debit,True
TXN001669,UPL_014,2024-10-08,10510.85,EMI,Debit,True
TXN001670,UPL_014,2024-10-10,559.32,Utility,Debit,True
TXN001671,UPL_014,2024-10-22,404.18,Utility,Debit,True
TXN001672,UPL_014,2024-10-06,1075.97,Food,Debit,
TXN001673,UPL_014,2024-10-16,1090.95,Food,Debit,
TXN001674,UPL_014,2024-10-07,723.56,Food,Debit,
TXN001675,UPL_014,2024-10-04,7451.7,Transport,Debit,
TXN001676,UPL_014,2024-10-16,4885.89,Discretionary,Debit,
TXN001677,UPL_014,2024-10-16,2682.93,Transport,Debit,
TXN001678,UPL_014,2024-10-02,5544.18,Discretionary,Debit,
TXN001679,UPL_014,2024-11-01,50937.3,Salary,Credit,
TXN001680,UPL_014,2024-11-05,2340.78,Rent,Debit,True
TXN001681,UPL_014,2024-11-07,7802.61,EMI,Debit,True
TXN001682,UPL_014,2024-11-08,409.22,Utility,Debit,True
TXN001683,UPL_014,2024-11-22,306.02,Utility,Debit,True
TXN001684,UPL_014,2024-11-02,688.05,Food,Debit,
TXN001685,UPL_014,2024-11-03,658.15,Food,Debit,
TXN001686,UPL_014,2024-11-24,799.51,Food,Debit,
TXN001687,UPL_014,2024-11-17,2481.43,Transport,Debit,
TXN001688,UPL_014,2024-11-27,4629.67,Transport,Debit,
TXN001689,UPL_014,2024-11-03,4591.58,Transport,Debit,
TXN001690,UPL_014,2024-11-24,3563.29,Discretionary,Debit,
TXN001691,UPL_014,2024-12-03,50937.3,Salary,Credit,
TXN001692,UPL_014,2024-12-01,3053.59,Rent,Debit,True
TXN001693,UPL_014,2024-12-09,10178.62,EMI,Debit,True
TXN001694,UPL_014,2024-12-15,550.2,Utility,Debit,True
TXN001695,UPL_014,2024-12-14,382.84,Utility,Debit,True
TXN001696,UPL_014,2024-12-17,460.11,Food,Debit,
TXN001697,UPL_014,2024-12-15,1183.74,Food,Debit,
TXN001698,UPL_014,2024-12-22,1155.27,Food,Debit,
TXN001699,UPL_014,2024-12-01,10144.08,Transport,Debit,
TXN001700,UPL_014,2024-12-28,9770.61,Discretionary,Debit,
TXN001701,UPL_014,2025-01-03,50937.3,Salary,Credit,
TXN001702,UPL_014,2025-01-03,2366.92,Rent,Debit,True
TXN001703,UPL_014,2025-01-05,7889.73,EMI,Debit,True
TXN001704,UPL_014,2025-01-11,364.48,Utility,Debit,False
TXN001705,UPL_014,2025-01-17,358.75,Utility,Debit,False
TXN001706,UPL_014,2025-01-27,841.89,Food,Debit,
TXN001707,UPL_014,2025-01-10,751.22,Food,Debit,
TXN001708,UPL_014,2025-01-20,576.56,Food,Debit,
TXN001709,UPL_014,2025-01-23,6756.67,Discretionary,Debit,
TXN001710,UPL_014,2025-01-17,8679.77,Discretionary,Debit,
TXN001711,UPL_014,2025-02-03,50937.3,Salary,Credit,
TXN001712,UPL_014,2025-02-04,2964.16,Rent,Debit,True
TXN001713,UPL_014,2025-02-06,9880.54,EMI,Debit,False
TXN001714,UPL_014,2025-02-12,529.62,Utility,Debit,False
TXN001715,UPL_014,2025-02-13,376.09,Utility,Debit,True
TXN001716,UPL_014,2025-02-03,773.09,Food,Debit,
TXN001717,UPL_014,2025-02-11,766.36,Food,Debit,
TXN001718,UPL_014,2025-02-22,1177.7,Food,Debit,
TXN001719,UPL_014,2025-02-14,7130.11,Discretionary,Debit,
TXN001720,UPL_014,2025-02-22,6400.97,Discretionary,Debit,
TXN001721,UPL_014,2025-02-13,5800.41,Discretionary,Debit,
TXN001722,UPL_014,2025-03-02,50937.3,Salary,Credit,
TXN001723,UPL_014,2025-03-04,2508.17,Rent,Debit,False
TXN001724,UPL_014,2025-03-07,8360.57,EMI,Debit,True
TXN001725,UPL_014,2025-03-14,462.46,Utility,Debit,True
TXN001726,UPL_014,2025-03-12,303.93,Utility,Debit,True
TXN001727,UPL_014,2025-03-22,929.44,Food,Debit,
TXN001728,UPL_014,2025-03-24,702.02,Food,Debit,
TXN001729,UPL_014,2025-03-02,667.7,Food,Debit,
TXN001730,UPL_014,2025-03-05,5834.76,Transport,Debit,
TXN001731,UPL_014,2025-03-12,10522.88,Transport,Debit,
TXN001732,UPL_014,2025-04-01,50937.3,Salary,Credit,
TXN001733,UPL_014,2025-04-01,3172.65,Rent,Debit,False
TXN001734,UPL_014,2025-04-07,10575.49,EMI,Debit,False
TXN001735,UPL_014,2025-04-18,535.92,Utility,Debit,True
TXN001736,UPL_014,2025-04-12,433.5,Utility,Debit,True
TXN001737,UPL_014,2025-04-07,989.63,Food,Debit,
TXN001738,UPL_014,2025-04-15,958.05,Food,Debit,
TXN001739,UPL_014,2025-04-24,960.58,Food,Debit,
TXN001740,UPL_014,2025-04-14,3977.31,Discretionary,Debit,
TXN001741,UPL_014,2025-04-15,3547.26,Transport,Debit,
TXN001742,UPL_014,2025-04-10,7500.12,Transport,Debit,
TXN001743,UPL_014,2025-04-13,5666.5,Transport,Debit,
TXN001744,UPL_014,2025-05-01,50937.3,Salary,Credit,
TXN001745,UPL_014,2025-05-05,2640.1,Rent,Debit,True
TXN001746,UPL_014,2025-05-09,8800.32,EMI,Debit,False
TXN001747,UPL_014,2025-05-10,213.14,Utility,Debit,True
TXN001748,UPL_014,2025-05-17,593.56,Utility,Debit,True
TXN001749,UPL_014,2025-05-15,1054.89,Food,Debit,
TXN001750,UPL_014,2025-05-25,653.35,Food,Debit,
TXN001751,UPL_014,2025-05-13,711.85,Food,Debit,
TXN001752,UPL_014,2025-05-07,4907.06,Discretionary,Debit,
TXN001753,UPL_014,2025-05-22,4659.65,Transport,Debit,
TXN001754,UPL_014,2025-05-01,7651.3,Transport,Debit,
TXN001755,UPL_014,2025-06-02,50937.3,Salary,Credit,
TXN001756,UPL_014,2025-06-02,2366.87,Rent,Debit,True
TXN001757,UPL_014,2025-06-06,7889.56,EMI,Debit,True
TXN001758,UPL_014,2025-06-14,440.76,Utility,Debit,True
TXN001759,UPL_014,2025-06-09,282.45,Utility,Debit,False
TXN001760,UPL_014,2025-06-20,739.29,Food,Debit,
TXN001761,UPL_014,2025-06-05,745.95,Food,Debit,
TXN001762,UPL_014,2025-06-20,684.4,Food,Debit,
TXN001763,UPL_014,2025-06-08,4858.24,Discretionary,Debit,
TXN001764,UPL_014,2025-06-09,7338.67,Transport,Debit,
TXN001765,UPL_014,2025-06-15,3239.2,Discretionary,Debit,
TXN001766,UPL_014,2025-07-02,50937.3,Salary,Credit,
TXN001767,UPL_014,2025-07-01,2744.63,Rent,Debit,False
TXN001768,UPL_014,2025-07-06,9148.76,EMI,Debit,True
TXN001769,UPL_014,2025-07-19,506.16,Utility,Debit,False
TXN001770,UPL_014,2025-07-21,332.48,Utility,Debit,True
TXN001771,UPL_014,2025-07-28,807.27,Food,Debit,
TXN001772,UPL_014,2025-07-16,999.35,Food,Debit,
TXN001773,UPL_014,2025-07-17,709.29,Food,Debit,
TXN001774,UPL_014,2025-07-13,8711.69,Transport,Debit,
TXN001775,UPL_014,2025-07-06,5641.29,Transport,Debit,
TXN001776,UPL_014,2025-07-08,3546.78,Discretionary,Debit,
TXN001777,UPL_014,2025-08-03,50937.3,Salary,Credit,
TXN001778,UPL_014,2025-08-01,2713.06,Rent,Debit,True
TXN001779,UPL_014,2025-08-06,9043.55,EMI,Debit,False
TXN001780,UPL_014,2025-08-23,449.83,Utility,Debit,True
TXN001781,UPL_014,2025-08-20,379.17,Utility,Debit,True
TXN001782,UPL_014,2025-08-16,1148.15,Food,Debit,
TXN001783,UPL_014,2025-08-14,595.46,Food,Debit,
TXN001784,UPL_014,2025-08-25,743.36,Food,Debit,
TXN001785,UPL_014,2025-08-22,9124.53,Discretionary,Debit,
TXN001786,UPL_014,2025-08-18,8569.36,Transport,Debit,
TXN001787,UPL_014,2025-09-01,50937.3,Salary,Credit,
TXN001788,UPL_014,2025-09-03,2510.27,Rent,Debit,True
TXN001789,UPL_014,2025-09-07,8367.55,EMI,Debit,True
TXN001790,UPL_014,2025-09-14,366.75,Utility,Debit,True
TXN001791,UPL_014,2025-09-20,400.28,Utility,Debit,True
TXN001792,UPL_014,2025-09-19,529.44,Food,Debit,
TXN001793,UPL_014,2025-09-06,614.48,Food,Debit,
TXN001794,UPL_014,2025-09-04,1157.15,Food,Debit,
TXN001795,UPL_014,2025-09-19,2535.71,Discretionary,Debit,
TXN001796,UPL_014,2025-09-02,3605.41,Transport,Debit,
TXN001797,UPL_014,2025-09-01,5031.09,Discretionary,Debit,
TXN001798,UPL_014,2025-09-12,5199.1,Discretionary,Debit,
TXN001799,UPL_015,2024-10-03,68308.14,Salary,Credit,
TXN001800,UPL_015,2024-10-01,3769.85,Rent,Debit,True
TXN001801,UPL_015,2024-10-05,12566.15,EMI,Debit,True
TXN001802,UPL_015,2024-10-22,627.91,Utility,Debit,True
TXN001803,UPL_015,2024-10-17,523.98,Utility,Debit,True
TXN001804,UPL_015,2024-10-21,1255.35,Food,Debit,
TXN001805,UPL_015,2024-10-26,1136.05,Food,Debit,
TXN001806,UPL_015,2024-10-13,1064.29,Food,Debit,
TXN001807,UPL_015,2024-10-19,4649.12,Discretionary,Debit,
TXN001808,UPL_015,2024-10-10,6833.03,Discretionary,Debit,
TXN001809,UPL_015,2024-10-01,5837.89,Transport,Debit,
TXN001810,UPL_015,2024-10-12,3623.55,Discretionary,Debit,
TXN001811,UPL_015,2024-11-03,68308.14,Salary,Credit,
TXN001812,UPL_015,2024-11-03,3271.81,Rent,Debit,True
TXN001813,UPL_015,2024-11-06,10906.02,EMI,Debit,True
TXN001814,UPL_015,2024-11-16,718.54,Utility,Debit,True
TXN001815,UPL_015,2024-11-21,281.18,Utility,Debit,True
TXN001816,UPL_015,2024-11-17,1270.34,Food,Debit,
TXN001817,UPL_015,2024-11-23,543.0,Food,Debit,
TXN001818,UPL_015,2024-11-26,1185.82,Food,Debit,
TXN001819,UPL_015,2024-11-21,4949.72,Transport,Debit,
TXN001820,UPL_015,2024-11-17,5962.73,Discretionary,Debit,
TXN001821,UPL_015,2024-11-14,7264.26,Transport,Debit,
TXN001822,UPL_015,2024-12-01,68308.14,Salary,Credit,
TXN001823,UPL_015,2024-12-04,3800.19,Rent,Debit,True
TXN001824,UPL_015,2024-12-09,12667.29,EMI,Debit,True
TXN001825,UPL_015,2024-12-18,615.96,Utility,Debit,True
TXN001826,UPL_015,2024-12-15,545.21,Utility,Debit,False
TXN001827,UPL_015,2024-12-08,1182.96,Food,Debit,
TXN001828,UPL_015,2024-12-09,1319.14,Food,Debit,
TXN001829,UPL_015,2024-12-21,981.4,Food,Debit,
TXN001830,UPL_015,2024-12-10,7068.52,Discretionary,Debit,
TXN001831,UPL_015,2024-12-07,6366.55,Discretionary,Debit,
TXN001832,UPL_015,2024-12-19,7677.08,Discretionary,Debit,
TXN001833,UPL_015,2025-01-03,68308.14,Salary,Credit,
TXN001834,UPL_015,2025-01-01,3402.12,Rent,Debit,False
TXN001835,UPL_015,2025-01-05,11340.4,EMI,Debit,True
TXN001836,UPL_015,2025-01-12,584.98,Utility,Debit,True
TXN001837,UPL_015,2025-01-15,454.56,Utility,Debit,True
TXN001838,UPL_015,2025-01-18,1264.75,Food,Debit,
TXN001839,UPL_015,2025-01-21,595.49,Food,Debit,
TXN001840,UPL_015,2025-01-12,1258.37,Food,Debit,
TXN001841,UPL_015,2025-01-02,4562.4,Discretionary,Debit,
TXN001842,UPL_015,2025-01-05,6380.63,Transport,Debit,
TXN001843,UPL_015,2025-01-09,5783.16,Discretionary,Debit,
TXN001844,UPL_015,2025-01-16,2174.48,Transport,Debit,
TXN001845,UPL_015,2025-02-01,68308.14,Salary,Credit,
TXN001846,UPL_015,2025-02-03,3321.75,Rent,Debit,False
TXN001847,UPL_015,2025-02-07,11072.51,EMI,Debit,True
TXN001848,UPL_015,2025-02-14,657.1,Utility,Debit,True
TXN001849,UPL_015,2025-02-21,357.88,Utility,Debit,True
TXN001850,UPL_015,2025-02-04,486.88,Food,Debit,
TXN001851,UPL_015,2025-02-06,1195.28,Food,Debit,
TXN001852,UPL_015,2025-02-09,1362.78,Food,Debit,
TXN001853,UPL_015,2025-02-20,6051.94,Transport,Debit,
TXN001854,UPL_015,2025-02-02,5736.2,Transport,Debit,
TXN001855,UPL_015,2025-02-03,6666.04,Transport,Debit,
TXN001856,UPL_015,2025-03-02,68308.14,Salary,Credit,
TXN001857,UPL_015,2025-03-04,3729.44,Rent,Debit,True
TXN001858,UPL_015,2025-03-07,12431.46,EMI,Debit,True
TXN001859,UPL_015,2025-03-08,621.43,Utility,Debit,True
TXN001860,UPL_015,2025-03-22,518.12,Utility,Debit,True
TXN001861,UPL_015,2025-03-15,1028.98,Food,Debit,
TXN001862,UPL_015,2025-03-24,1331.94,Food,Debit,
TXN001863,UPL_015,2025-03-19,1057.72,Food,Debit,
TXN001864,UPL_015,2025-03-04,9511.11,Discretionary,Debit,
TXN001865,UPL_015,2025-03-22,11207.99,Transport,Debit,
TXN001866,UPL_015,2025-04-01,68308.14,Salary,Credit,
TXN001867,UPL_015,2025-04-01,3684.89,Rent,Debit,False
TXN001868,UPL_015,2025-04-09,12282.96,EMI,Debit,True
TXN001869,UPL_015,2025-04-11,657.29,Utility,Debit,True
TXN001870,UPL_015,2025-04-08,468.65,Utility,Debit,False
TXN001871,UPL_015,2025-04-10,890.72,Food,Debit,
TXN001872,UPL_015,2025-04-09,1032.17,Food,Debit,
TXN001873,UPL_015,2025-04-25,1454.93,Food,Debit,
TXN001874,UPL_015,2025-04-17,7358.41,Discretionary,Debit,
TXN001875,UPL_015,2025-04-26,4329.16,Transport,Debit,
TXN001876,UPL_015,2025-04-27,2898.07,Discretionary,Debit,
TXN001877,UPL_015,2025-04-04,5885.96,Discretionary,Debit,
TXN001878,UPL_015,2025-05-03,68308.14,Salary,Credit,
TXN001879,UPL_015,2025-05-03,4161.37,Rent,Debit,True
TXN001880,UPL_015,2025-05-08,13871.25,EMI,Debit,True
TXN001881,UPL_015,2025-05-10,905.93,Utility,Debit,True
TXN001882,UPL_015,2025-05-20,365.6,Utility,Debit,True
TXN001883,UPL_015,2025-05-21,862.14,Food,Debit,
TXN001884,UPL_015,2025-05-13,1132.01,Food,Debit,
TXN001885,UPL_015,2025-05-09,1820.44,Food,Debit,
TXN001886,UPL_015,2025-05-20,6447.82,Transport,Debit,
TXN001887,UPL_015,2025-05-25,10231.67,Discretionary,Debit,
TXN001888,UPL_015,2025-05-08,6439.26,Discretionary,Debit,
TXN001889,UPL_015,2025-06-03,68308.14,Salary,Credit,
TXN001890,UPL_015,2025-06-02,3717.01,Rent,Debit,True
TXN001891,UPL_015,2025-06-09,12390.03,EMI,Debit,True
TXN001892,UPL_015,2025-06-11,635.71,Utility,Debit,True
TXN001893,UPL_015,2025-06-11,500.04,Utility,Debit,True
TXN001894,UPL_015,2025-06-01,1081.87,Food,Debit,
TXN001895,UPL_015,2025-06-09,1008.19,Food,Debit,
TXN001896,UPL_015,2025-06-05,1317.2,Food,Debit,
TXN001897,UPL_015,2025-06-15,8496.24,Transport,Debit,
TXN001898,UPL_015,2025-06-10,3431.11,Discretionary,Debit,
TXN001899,UPL_015,2025-06-26,8722.7,Discretionary,Debit,
TXN001900,UPL_015,2025-07-02,68308.14,Salary,Credit,
TXN001901,UPL_015,2025-07-04,4139.99,Rent,Debit,True
TXN001902,UPL_015,2025-07-12,13799.96,EMI,Debit,True
TXN001903,UPL_015,2025-07-08,520.02,Utility,Debit,True
TXN001904,UPL_015,2025-07-11,744.97,Utility,Debit,True
TXN001905,UPL_015,2025-07-16,1353.68,Food,Debit,
TXN001906,UPL_015,2025-07-17,978.42,Food,Debit,
TXN001907,UPL_015,2025-07-17,1462.89,Food,Debit,
TXN001908,UPL_015,2025-07-12,13062.51,Discretionary,Debit,
TXN001909,UPL_015,2025-07-20,9937.42,Transport,Debit,
TXN001910,UPL_015,2025-08-02,68308.14,Salary,Credit,
TXN001911,UPL_015,2025-08-04,4132.5,Rent,Debit,False
TXN001912,UPL_015,2025-08-12,13775.01,EMI,Debit,True
TXN001913,UPL_015,2025-08-20,645.71,Utility,Debit,True
TXN001914,UPL_015,2025-08-18,617.0,Utility,Debit,True
TXN001915,UPL_015,2025-08-21,870.92,Food,Debit,
TXN001916,UPL_015,2025-08-05,1449.61,Food,Debit,
TXN001917,UPL_015,2025-08-25,1467.6,Food,Debit,
TXN001918,UPL_015,2025-08-26,10719.09,Discretionary,Debit,
TXN001919,UPL_015,2025-08-12,12239.27,Transport,Debit,
TXN001920,UPL_015,2025-09-01,68308.14,Salary,Credit,
TXN001921,UPL_015,2025-09-04,3306.13,Rent,Debit,True
TXN001922,UPL_015,2025-09-12,11020.45,EMI,Debit,True
TXN001923,UPL_015,2025-09-20,531.87,Utility,Debit,True
TXN001924,UPL_015,2025-09-22,478.34,Utility,Debit,True
TXN001925,UPL_015,2025-09-08,1016.25,Food,Debit,
TXN001926,UPL_015,2025-09-26,1203.69,Food,Debit,
TXN001927,UPL_015,2025-09-23,810.69,Food,Debit,
TXN001928,UPL_015,2025-09-11,6851.48,Transport,Debit,
TXN001929,UPL_015,2025-09-10,4706.23,Discretionary,Debit,
TXN001930,UPL_015,2025-09-27,3487.85,Transport,Debit,
TXN001931,UPL_015,2025-09-04,3321.86,Transport,Debit,
TXN001932,UPL_016,2024-10-02,55584.57,Salary,Credit,
TXN001933,UPL_016,2024-10-03,7794.48,Rent,Debit,True
TXN001934,UPL_016,2024-10-08,980.05,Utility,Debit,True
TXN001935,UPL_016,2024-10-19,1401.6,Utility,Debit,True
TXN001936,UPL_016,2024-10-09,3587.2,Food,Debit,
TXN001937,UPL_016,2024-10-25,1812.78,Food,Debit,
TXN001938,UPL_016,2024-10-21,1744.95,Food,Debit,
TXN001939,UPL_016,2024-10-08,3369.35,Transport,Debit,
TXN001940,UPL_016,2024-10-01,2177.21,Discretionary,Debit,
TXN001941,UPL_016,2024-10-22,2604.53,Discretionary,Debit,
TXN001942,UPL_016,2024-11-03,55584.57,Salary,Credit,
TXN001943,UPL_016,2024-11-04,7875.1,Rent,Debit,True
TXN001944,UPL_016,2024-11-15,1204.47,Utility,Debit,True
TXN001945,UPL_016,2024-11-15,1201.81,Utility,Debit,True
TXN001946,UPL_016,2024-11-24,2610.0,Food,Debit,
TXN001947,UPL_016,2024-11-09,3076.69,Food,Debit,
TXN001948,UPL_016,2024-11-21,1532.15,Food,Debit,
TXN001949,UPL_016,2024-11-02,2426.35,Discretionary,Debit,
TXN001950,UPL_016,2024-11-28,2995.33,Transport,Debit,
TXN001951,UPL_016,2024-11-13,2813.71,Transport,Debit,
TXN001952,UPL_016,2024-12-02,55584.57,Salary,Credit,
TXN001953,UPL_016,2024-12-01,8000.89,Rent,Debit,True
TXN001954,UPL_016,2024-12-14,1654.02,Utility,Debit,True
TXN001955,UPL_016,2024-12-18,790.7,Utility,Debit,True
TXN001956,UPL_016,2024-12-21,2283.3,Food,Debit,
TXN001957,UPL_016,2024-12-25,2558.91,Food,Debit,
TXN001958,UPL_016,2024-12-26,2491.93,Food,Debit,
TXN001959,UPL_016,2024-12-11,2347.95,Transport,Debit,
TXN001960,UPL_016,2024-12-10,2860.82,Transport,Debit,
TXN001961,UPL_016,2024-12-08,1738.12,Discretionary,Debit,
TXN001962,UPL_016,2024-12-28,1420.05,Discretionary,Debit,
TXN001963,UPL_016,2025-01-02,55584.57,Salary,Credit,
TXN001964,UPL_016,2025-01-03,7983.65,Rent,Debit,True
TXN001965,UPL_016,2025-01-24,1202.89,Utility,Debit,True
TXN001966,UPL_016,2025-01-17,1236.56,Utility,Debit,True
TXN001967,UPL_016,2025-01-05,1495.37,Food,Debit,
TXN001968,UPL_016,2025-01-03,4230.97,Food,Debit,
TXN001969,UPL_016,2025-01-09,1592.01,Food,Debit,
TXN001970,UPL_016,2025-01-03,2562.52,Discretionary,Debit,
TXN001971,UPL_016,2025-01-26,3256.46,Discretionary,Debit,
TXN001972,UPL_016,2025-01-14,2529.94,Discretionary,Debit,
TXN001973,UPL_016,2025-02-01,55584.57,Salary,Credit,
TXN001974,UPL_016,2025-02-03,7502.47,Rent,Debit,True
TXN001975,UPL_016,2025-02-11,633.02,Utility,Debit,True
TXN001976,UPL_016,2025-02-24,1659.4,Utility,Debit,True
TXN001977,UPL_016,2025-02-15,1690.0,Food,Debit,
TXN001978,UPL_016,2025-02-01,3249.62,Food,Debit,
TXN001979,UPL_016,2025-02-18,1937.65,Food,Debit,
TXN001980,UPL_016,2025-02-23,1842.87,Transport,Debit,
TXN001981,UPL_016,2025-02-06,1468.72,Transport,Debit,
TXN001982,UPL_016,2025-02-12,2582.27,Transport,Debit,
TXN001983,UPL_016,2025-02-14,1951.86,Transport,Debit,
TXN001984,UPL_016,2025-03-03,55584.57,Salary,Credit,
TXN001985,UPL_016,2025-03-01,7055.3,Rent,Debit,True
TXN001986,UPL_016,2025-03-19,1333.53,Utility,Debit,True
TXN001987,UPL_016,2025-03-18,822.25,Utility,Debit,True
TXN001988,UPL_016,2025-03-18,2352.57,Food,Debit,
TXN001989,UPL_016,2025-03-16,2596.43,Food,Debit,
TXN001990,UPL_016,2025-03-15,1518.35,Food,Debit,
TXN001991,UPL_016,2025-03-17,2072.62,Discretionary,Debit,
TXN001992,UPL_016,2025-03-17,1464.36,Discretionary,Debit,
TXN001993,UPL_016,2025-03-06,1609.48,Discretionary,Debit,
TXN001994,UPL_016,2025-03-20,2231.63,Discretionary,Debit,
TXN001995,UPL_016,2025-04-03,55584.57,Salary,Credit,
TXN001996,UPL_016,2025-04-05,7592.47,Rent,Debit,True
TXN001997,UPL_016,2025-04-17,1366.05,Utility,Debit,True
TXN001998,UPL_016,2025-04-18,953.87,Utility,Debit,True
TXN001999,UPL_016,2025-04-22,2376.75,Food,Debit,
TXN002000,UPL_016,2025-04-18,2523.22,Food,Debit,
TXN002001,UPL_016,2025-04-17,2059.78,Food,Debit,
TXN002002,UPL_016,2025-04-10,1816.54,Discretionary,Debit,
TXN002003,UPL_016,2025-04-17,2334.43,Transport,Debit,
TXN002004,UPL_016,2025-04-04,1684.62,Transport,Debit,
TXN002005,UPL_016,2025-04-27,2104.24,Discretionary,Debit,
TXN002006,UPL_016,2025-05-02,55584.57,Salary,Credit,
TXN002007,UPL_016,2025-05-01,7958.46,Rent,Debit,True
TXN002008,UPL_016,2025-05-13,1259.98,Utility,Debit,True
TXN002009,UPL_016,2025-05-20,1171.77,Utility,Debit,True
TXN002010,UPL_016,2025-05-18,1470.74,Food,Debit,
TXN002011,UPL_016,2025-05-28,2828.19,Food,Debit,
TXN002012,UPL_016,2025-05-08,2996.31,Food,Debit,
TXN002013,UPL_016,2025-05-23,2021.85,Discretionary,Debit,
TXN002014,UPL_016,2025-05-09,3717.65,Discretionary,Debit,
TXN002015,UPL_016,2025-05-06,2583.07,Transport,Debit,
TXN002016,UPL_016,2025-06-01,55584.57,Salary,Credit,
TXN002017,UPL_016,2025-06-01,7903.73,Rent,Debit,False
TXN002018,UPL_016,2025-06-19,1712.04,Utility,Debit,False
TXN002019,UPL_016,2025-06-08,702.99,Utility,Debit,True
TXN002020,UPL_016,2025-06-12,1919.63,Food,Debit,
TXN002021,UPL_016,2025-06-16,3388.26,Food,Debit,
TXN002022,UPL_016,2025-06-23,1937.2,Food,Debit,
TXN002023,UPL_016,2025-06-17,1775.76,Transport,Debit,
TXN002024,UPL_016,2025-06-27,1659.26,Transport,Debit,
TXN002025,UPL_016,2025-06-05,2604.78,Transport,Debit,
TXN002026,UPL_016,2025-06-02,2225.54,Transport,Debit,
TXN002027,UPL_016,2025-07-03,55584.57,Salary,Credit,
TXN002028,UPL_016,2025-07-03,7535.41,Rent,Debit,True
TXN002029,UPL_016,2025-07-16,1507.38,Utility,Debit,True
TXN002030,UPL_016,2025-07-18,795.11,Utility,Debit,True
TXN002031,UPL_016,2025-07-22,1764.26,Food,Debit,
TXN002032,UPL_016,2025-07-26,2042.9,Food,Debit,
TXN002033,UPL_016,2025-07-17,3100.29,Food,Debit,
TXN002034,UPL_016,2025-07-21,2903.17,Transport,Debit,
TXN002035,UPL_016,2025-07-23,4976.99,Transport,Debit,
TXN002036,UPL_016,2025-08-01,55584.57,Salary,Credit,
TXN002037,UPL_016,2025-08-03,7166.96,Rent,Debit,True
TXN002038,UPL_016,2025-08-16,634.95,Utility,Debit,True
TXN002039,UPL_016,2025-08-23,1554.95,Utility,Debit,True
TXN002040,UPL_016,2025-08-25,1619.72,Food,Debit,
TXN002041,UPL_016,2025-08-18,3033.11,Food,Debit,
TXN002042,UPL_016,2025-08-17,1916.88,Food,Debit,
TXN002043,UPL_016,2025-08-24,3212.71,Transport,Debit,
TXN002044,UPL_016,2025-08-27,4282.15,Discretionary,Debit,
TXN002045,UPL_016,2025-09-03,55584.57,Salary,Credit,
TXN002046,UPL_016,2025-09-01,7935.68,Rent,Debit,True
TXN002047,UPL_016,2025-09-08,734.03,Utility,Debit,True
TXN002048,UPL_016,2025-09-21,1690.76,Utility,Debit,True
TXN002049,UPL_016,2025-09-11,3267.05,Food,Debit,
TXN002050,UPL_016,2025-09-18,1740.87,Food,Debit,
TXN002051,UPL_016,2025-09-18,2266.46,Food,Debit,
TXN002052,UPL_016,2025-09-25,2458.43,Discretionary,Debit,
TXN002053,UPL_016,2025-09-08,1382.44,Transport,Debit,
TXN002054,UPL_016,2025-09-03,2099.35,Discretionary,Debit,
TXN002055,UPL_016,2025-09-19,2358.53,Transport,Debit,
TXN002056,UPL_017,2024-10-03,94002.11,Salary,Credit,
TXN002057,UPL_017,2024-10-03,3955.32,Rent,Debit,True
TXN002058,UPL_017,2024-10-05,9400.21,EMI,Debit,True
TXN002059,UPL_017,2024-10-08,655.03,Utility,Debit,True
TXN002060,UPL_017,2024-10-23,553.54,Utility,Debit,True
TXN002061,UPL_017,2024-10-07,669.64,Food,Debit,
TXN002062,UPL_017,2024-10-01,1505.61,Food,Debit,
TXN002063,UPL_017,2024-10-07,1450.46,Food,Debit,
TXN002064,UPL_017,2024-10-17,2844.62,Discretionary,Debit,
TXN002065,UPL_017,2024-10-18,1691.29,Discretionary,Debit,
TXN002066,UPL_017,2024-10-01,1855.11,Transport,Debit,
TXN002067,UPL_017,2024-11-03,94002.11,Salary,Credit,
TXN002068,UPL_017,2024-11-01,4214.65,Rent,Debit,True
TXN002069,UPL_017,2024-11-09,9400.21,EMI,Debit,True
TXN002070,UPL_017,2024-11-10,427.93,Utility,Debit,True
TXN002071,UPL_017,2024-11-19,859.88,Utility,Debit,True
TXN002072,UPL_017,2024-11-12,1081.72,Food,Debit,
TXN002073,UPL_017,2024-11-23,1909.11,Food,Debit,
TXN002074,UPL_017,2024-11-07,872.6,Food,Debit,
TXN002075,UPL_017,2024-11-01,2804.9,Transport,Debit,
TXN002076,UPL_017,2024-11-11,3788.59,Discretionary,Debit,
TXN002077,UPL_017,2024-12-01,94002.11,Salary,Credit,
TXN002078,UPL_017,2024-12-01,3919.63,Rent,Debit,True
TXN002079,UPL_017,2024-12-08,9400.21,EMI,Debit,True
TXN002080,UPL_017,2024-12-16,597.49,Utility,Debit,True
TXN002081,UPL_017,2024-12-12,600.18,Utility,Debit,True
TXN002082,UPL_017,2024-12-10,818.16,Food,Debit,
TXN002083,UPL_017,2024-12-27,1484.99,Food,Debit,
TXN002084,UPL_017,2024-12-05,1289.84,Food,Debit,
TXN002085,UPL_017,2024-12-03,2479.8,Transport,Debit,
TXN002086,UPL_017,2024-12-14,1140.08,Transport,Debit,
TXN002087,UPL_017,2024-12-27,2743.27,Transport,Debit,
TXN002088,UPL_017,2025-01-02,94002.11,Salary,Credit,
TXN002089,UPL_017,2025-01-04,4015.11,Rent,Debit,True
TXN002090,UPL_017,2025-01-10,9400.21,EMI,Debit,True
TXN002091,UPL_017,2025-01-20,778.17,Utility,Debit,True
TXN002092,UPL_017,2025-01-12,448.67,Utility,Debit,True
TXN002093,UPL_017,2025-01-21,1587.55,Food,Debit,
TXN002094,UPL_017,2025-01-03,1386.34,Food,Debit,
TXN002095,UPL_017,2025-01-04,706.63,Food,Debit,
TXN002096,UPL_017,2025-01-03,1163.18,Transport,Debit,
TXN002097,UPL_017,2025-01-05,1476.48,Discretionary,Debit,
TXN002098,UPL_017,2025-01-08,1360.49,Discretionary,Debit,
TXN002099,UPL_017,2025-01-11,2437.54,Discretionary,Debit,
TXN002100,UPL_017,2025-02-01,94002.11,Salary,Credit,
TXN002101,UPL_017,2025-02-01,3606.98,Rent,Debit,True
TXN002102,UPL_017,2025-02-11,9400.21,EMI,Debit,True
TXN002103,UPL_017,2025-02-24,574.29,Utility,Debit,True
TXN002104,UPL_017,2025-02-17,527.85,Utility,Debit,True
TXN002105,UPL_017,2025-02-02,687.69,Food,Debit,
TXN002106,UPL_017,2025-02-08,1847.19,Food,Debit,
TXN002107,UPL_017,2025-02-25,771.52,Food,Debit,
TXN002108,UPL_017,2025-02-02,3454.31,Transport,Debit,
TXN002109,UPL_017,2025-02-01,2664.73,Discretionary,Debit,
TXN002110,UPL_017,2025-03-03,94002.11,Salary,Credit,
TXN002111,UPL_017,2025-03-02,4012.45,Rent,Debit,True
TXN002112,UPL_017,2025-03-06,9400.21,EMI,Debit,True
TXN002113,UPL_017,2025-03-15,377.04,Utility,Debit,True
TXN002114,UPL_017,2025-03-19,848.99,Utility,Debit,True
TXN002115,UPL_017,2025-03-07,952.05,Food,Debit,
TXN002116,UPL_017,2025-03-11,1456.32,Food,Debit,
TXN002117,UPL_017,2025-03-09,1269.71,Food,Debit,
TXN002118,UPL_017,2025-03-11,923.41,Transport,Debit,
TXN002119,UPL_017,2025-03-27,2135.01,Discretionary,Debit,
TXN002120,UPL_017,2025-03-07,1492.09,Transport,Debit,
TXN002121,UPL_017,2025-03-11,1885.12,Transport,Debit,
TXN002122,UPL_017,2025-04-03,94002.11,Salary,Credit,
TXN002123,UPL_017,2025-04-05,4030.1,Rent,Debit,True
TXN002124,UPL_017,2025-04-09,9400.21,EMI,Debit,True
TXN002125,UPL_017,2025-04-10,514.18,Utility,Debit,True
TXN002126,UPL_017,2025-04-20,717.24,Utility,Debit,True
TXN002127,UPL_017,2025-04-05,1311.7,Food,Debit,
TXN002128,UPL_017,2025-04-13,817.83,Food,Debit,
TXN002129,UPL_017,2025-04-13,1564.73,Food,Debit,
TXN002130,UPL_017,2025-04-13,2179.02,Transport,Debit,
TXN002131,UPL_017,2025-04-03,1985.85,Discretionary,Debit,
TXN002132,UPL_017,2025-04-19,2284.53,Discretionary,Debit,
TXN002133,UPL_017,2025-05-01,94002.11,Salary,Credit,
TXN002134,UPL_017,2025-05-01,3771.03,Rent,Debit,True
TXN002135,UPL_017,2025-05-09,9400.21,EMI,Debit,True
TXN002136,UPL_017,2025-05-11,506.36,Utility,Debit,True
TXN002137,UPL_017,2025-05-11,645.9,Utility,Debit,True
TXN002138,UPL_017,2025-05-23,1274.16,Food,Debit,
TXN002139,UPL_017,2025-05-20,1040.89,Food,Debit,
TXN002140,UPL_017,2025-05-12,1141.73,Food,Debit,
TXN002141,UPL_017,2025-05-15,2830.97,Discretionary,Debit,
TXN002142,UPL_017,2025-05-18,3416.15,Discretionary,Debit,
TXN002143,UPL_017,2025-06-01,94002.11,Salary,Credit,
TXN002144,UPL_017,2025-06-01,3625.91,Rent,Debit,False
TXN002145,UPL_017,2025-06-08,9400.21,EMI,Debit,True
TXN002146,UPL_017,2025-06-12,516.48,Utility,Debit,True
TXN002147,UPL_017,2025-06-22,591.43,Utility,Debit,True
TXN002148,UPL_017,2025-06-16,892.92,Food,Debit,
TXN002149,UPL_017,2025-06-19,974.66,Food,Debit,
TXN002150,UPL_017,2025-06-03,1456.16,Food,Debit,
TXN002151,UPL_017,2025-06-17,2456.89,Transport,Debit,
TXN002152,UPL_017,2025-06-21,1357.33,Transport,Debit,
TXN002153,UPL_017,2025-06-14,2319.6,Discretionary,Debit,
TXN002154,UPL_017,2025-07-01,94002.11,Salary,Credit,
TXN002155,UPL_017,2025-07-02,3744.07,Rent,Debit,True
TXN002156,UPL_017,2025-07-11,9400.21,EMI,Debit,True
TXN002157,UPL_017,2025-07-14,432.74,Utility,Debit,True
TXN002158,UPL_017,2025-07-16,711.28,Utility,Debit,True
TXN002159,UPL_017,2025-07-07,1380.35,Food,Debit,
TXN002160,UPL_017,2025-07-25,974.21,Food,Debit,
TXN002161,UPL_017,2025-07-17,1077.5,Food,Debit,
TXN002162,UPL_017,2025-07-03,2749.5,Discretionary,Debit,
TXN002163,UPL_017,2025-07-05,1084.68,Transport,Debit,
TXN002164,UPL_017,2025-07-25,2391.89,Transport,Debit,
TXN002165,UPL_017,2025-08-03,94002.11,Salary,Credit,
TXN002166,UPL_017,2025-08-02,3996.39,Rent,Debit,True
TXN002167,UPL_017,2025-08-07,9400.21,EMI,Debit,True
TXN002168,UPL_017,2025-08-13,480.79,Utility,Debit,True
TXN002169,UPL_017,2025-08-24,740.33,Utility,Debit,True
TXN002170,UPL_017,2025-08-24,1362.6,Food,Debit,
TXN002171,UPL_017,2025-08-21,1617.5,Food,Debit,
TXN002172,UPL_017,2025-08-04,683.26,Food,Debit,
TXN002173,UPL_017,2025-08-02,1440.95,Transport,Debit,
TXN002174,UPL_017,2025-08-10,1346.09,Transport,Debit,
TXN002175,UPL_017,2025-08-06,3636.05,Discretionary,Debit,
TXN002176,UPL_017,2025-09-01,94002.11,Salary,Credit,
TXN002177,UPL_017,2025-09-03,3762.59,Rent,Debit,True
TXN002178,UPL_017,2025-09-07,9400.21,EMI,Debit,True
TXN002179,UPL_017,2025-09-10,458.25,Utility,Debit,True
TXN002180,UPL_017,2025-09-13,691.43,Utility,Debit,True
TXN002181,UPL_017,2025-09-19,791.43,Food,Debit,
TXN002182,UPL_017,2025-09-03,1449.19,Food,Debit,
TXN002183,UPL_017,2025-09-01,1208.42,Food,Debit,
TXN002184,UPL_017,2025-09-11,3117.14,Discretionary,Debit,
TXN002185,UPL_017,2025-09-16,3123.39,Discretionary,Debit,
TXN002186,UPL_018,2024-10-01,42689.15,Salary,Credit,
TXN002187,UPL_018,2024-10-07,8772.19,EMI,Debit,False
TXN002188,UPL_018,2024-10-24,697.83,Utility,Debit,False
TXN002189,UPL_018,2024-10-24,764.2,Utility,Debit,True
TXN002190,UPL_018,2024-10-25,898.1,Food,Debit,
TXN002191,UPL_018,2024-10-09,1823.67,Food,Debit,
TXN002192,UPL_018,2024-10-26,1664.33,Food,Debit,
TXN002193,UPL_018,2024-10-14,7315.21,Transport,Debit,
TXN002194,UPL_018,2024-10-25,9371.47,Discretionary,Debit,
TXN002195,UPL_018,2024-10-08,10465.32,Discretionary,Debit,
TXN002196,UPL_018,2024-11-03,42689.15,Salary,Credit,
TXN002197,UPL_018,2024-11-07,6000.19,EMI,Debit,True
TXN002198,UPL_018,2024-11-17,450.16,Utility,Debit,True
TXN002199,UPL_018,2024-11-11,549.87,Utility,Debit,True
TXN002200,UPL_018,2024-11-25,749.52,Food,Debit,
TXN002201,UPL_018,2024-11-12,992.59,Food,Debit,
TXN002202,UPL_018,2024-11-10,1257.98,Food,Debit,
TXN002203,UPL_018,2024-11-14,4798.74,Transport,Debit,
TXN002204,UPL_018,2024-11-10,3970.72,Discretionary,Debit,
TXN002205,UPL_018,2024-11-14,4945.13,Transport,Debit,
TXN002206,UPL_018,2024-11-06,4857.43,Discretionary,Debit,
TXN002207,UPL_018,2024-12-01,42689.15,Salary,Credit,
TXN002208,UPL_018,2024-12-08,5420.6,EMI,Debit,True
TXN002209,UPL_018,2024-12-18,405.96,Utility,Debit,True
TXN002210,UPL_018,2024-12-17,497.48,Utility,Debit,True
TXN002211,UPL_018,2024-12-15,471.08,Food,Debit,
TXN002212,UPL_018,2024-12-28,1184.06,Food,Debit,
TXN002213,UPL_018,2024-12-13,1055.16,Food,Debit,
TXN002214,UPL_018,2024-12-01,4909.31,Discretionary,Debit,
TXN002215,UPL_018,2024-12-19,7257.9,Discretionary,Debit,
TXN002216,UPL_018,2024-12-15,4610.83,Discretionary,Debit,
TXN002217,UPL_018,2025-01-03,42689.15,Salary,Credit,
TXN002218,UPL_018,2025-01-07,8371.2,EMI,Debit,True
TXN002219,UPL_018,2025-01-19,893.67,Utility,Debit,False
TXN002220,UPL_018,2025-01-14,501.53,Utility,Debit,False
TXN002221,UPL_018,2025-01-22,1513.27,Food,Debit,
TXN002222,UPL_018,2025-01-22,1742.36,Food,Debit,
TXN002223,UPL_018,2025-01-25,929.97,Food,Debit,
TXN002224,UPL_018,2025-01-10,6108.01,Transport,Debit,
TXN002225,UPL_018,2025-01-04,7081.59,Discretionary,Debit,
TXN002226,UPL_018,2025-01-25,3625.29,Transport,Debit,
TXN002227,UPL_018,2025-01-10,9095.96,Transport,Debit,
TXN002228,UPL_018,2025-02-03,42689.15,Salary,Credit,
TXN002229,UPL_018,2025-02-07,6770.8,EMI,Debit,False
TXN002230,UPL_018,2025-02-14,526.58,Utility,Debit,True
TXN002231,UPL_018,2025-02-23,601.89,Utility,Debit,True
TXN002232,UPL_018,2025-02-14,1094.52,Food,Debit,
TXN002233,UPL_018,2025-02-10,1058.18,Food,Debit,
TXN002234,UPL_018,2025-02-20,1232.7,Food,Debit,
TXN002235,UPL_018,2025-02-02,13345.49,Discretionary,Debit,
TXN002236,UPL_018,2025-02-13,7611.74,Discretionary,Debit,
TXN002237,UPL_018,2025-03-02,42689.15,Salary,Credit,
TXN002238,UPL_018,2025-03-10,8712.11,EMI,Debit,False
TXN002239,UPL_018,2025-03-18,407.66,Utility,Debit,True
TXN002240,UPL_018,2025-03-12,1044.36,Utility,Debit,False
TXN002241,UPL_018,2025-03-07,1887.86,Food,Debit,
TXN002242,UPL_018,2025-03-25,1310.71,Food,Debit,
TXN002243,UPL_018,2025-03-28,1157.48,Food,Debit,
TXN002244,UPL_018,2025-03-02,9199.6,Transport,Debit,
TXN002245,UPL_018,2025-03-10,17766.47,Transport,Debit,
TXN002246,UPL_018,2025-04-03,42689.15,Salary,Credit,
TXN002247,UPL_018,2025-04-05,7478.15,EMI,Debit,True
TXN002248,UPL_018,2025-04-08,551.51,Utility,Debit,False
TXN002249,UPL_018,2025-04-10,694.85,Utility,Debit,False
TXN002250,UPL_018,2025-04-07,1212.84,Food,Debit,
TXN002251,UPL_018,2025-04-17,1135.0,Food,Debit,
TXN002252,UPL_018,2025-04-27,1391.23,Food,Debit,
TXN002253,UPL_018,2025-04-26,11751.36,Transport,Debit,
TXN002254,UPL_018,2025-04-13,11395.28,Transport,Debit,
TXN002255,UPL_018,2025-05-03,42689.15,Salary,Credit,
TXN002256,UPL_018,2025-05-12,6052.12,EMI,Debit,True
TXN002257,UPL_018,2025-05-18,561.64,Utility,Debit,True
TXN002258,UPL_018,2025-05-20,447.04,Utility,Debit,True
TXN002259,UPL_018,2025-05-18,1606.7,Food,Debit,
TXN002260,UPL_018,2025-05-19,757.71,Food,Debit,
TXN002261,UPL_018,2025-05-08,661.64,Food,Debit,
TXN002262,UPL_018,2025-05-10,6746.0,Discretionary,Debit,
TXN002263,UPL_018,2025-05-27,5824.07,Transport,Debit,
TXN002264,UPL_018,2025-05-21,3551.57,Discretionary,Debit,
TXN002265,UPL_018,2025-05-10,2611.12,Discretionary,Debit,
TXN002266,UPL_018,2025-06-03,42689.15,Salary,Credit,
TXN002267,UPL_018,2025-06-11,6958.82,EMI,Debit,True
TXN002268,UPL_018,2025-06-08,807.35,Utility,Debit,False
TXN002269,UPL_018,2025-06-19,352.45,Utility,Debit,True
TXN002270,UPL_018,2025-06-12,1236.27,Food,Debit,
TXN002271,UPL_018,2025-06-17,1090.87,Food,Debit,
TXN002272,UPL_018,2025-06-20,1152.27,Food,Debit,
TXN002273,UPL_018,2025-06-02,11221.87,Transport,Debit,
TXN002274,UPL_018,2025-06-04,10317.33,Transport,Debit,
TXN002275,UPL_018,2025-07-01,42689.15,Salary,Credit,
TXN002276,UPL_018,2025-07-08,8906.09,EMI,Debit,True
TXN002277,UPL_018,2025-07-18,525.78,Utility,Debit,False
TXN002278,UPL_018,2025-07-10,958.57,Utility,Debit,False
TXN002279,UPL_018,2025-07-06,1496.6,Food,Debit,
TXN002280,UPL_018,2025-07-23,1540.72,Food,Debit,
TXN002281,UPL_018,2025-07-06,1415.72,Food,Debit,
TXN002282,UPL_018,2025-07-15,7698.82,Transport,Debit,
TXN002283,UPL_018,2025-07-23,9317.34,Transport,Debit,
TXN002284,UPL_018,2025-07-23,6192.08,Discretionary,Debit,
TXN002285,UPL_018,2025-07-16,4358.24,Transport,Debit,
TXN002286,UPL_018,2025-08-03,42689.15,Salary,Credit,
TXN002287,UPL_018,2025-08-06,5340.96,EMI,Debit,True
TXN002288,UPL_018,2025-08-17,484.92,Utility,Debit,False
TXN002289,UPL_018,2025-08-10,405.24,Utility,Debit,True
TXN002290,UPL_018,2025-08-12,932.88,Food,Debit,
TXN002291,UPL_018,2025-08-12,773.11,Food,Debit,
TXN002292,UPL_018,2025-08-11,964.49,Food,Debit,
TXN002293,UPL_018,2025-08-17,4800.6,Transport,Debit,
TXN002294,UPL_018,2025-08-17,6284.56,Transport,Debit,
TXN002295,UPL_018,2025-08-05,5446.38,Discretionary,Debit,
TXN002296,UPL_018,2025-09-01,42689.15,Salary,Credit,
TXN002297,UPL_018,2025-09-10,8312.85,EMI,Debit,False
TXN002298,UPL_018,2025-09-19,872.79,Utility,Debit,True
TXN002299,UPL_018,2025-09-23,512.69,Utility,Debit,False
TXN002300,UPL_018,2025-09-19,1966.64,Food,Debit,
TXN002301,UPL_018,2025-09-06,1069.38,Food,Debit,
TXN002302,UPL_018,2025-09-03,1120.4,Food,Debit,
TXN002303,UPL_018,2025-09-28,5967.21,Transport,Debit,
TXN002304,UPL_018,2025-09-21,7971.28,Discretionary,Debit,
TXN002305,UPL_018,2025-09-05,3846.83,Transport,Debit,
TXN002306,UPL_018,2025-09-01,7944.95,Discretionary,Debit,
TXN002307,UPL_019,2024-10-03,46853.39,Salary,Credit,
TXN002308,UPL_019,2024-10-05,6514.95,EMI,Debit,True
TXN002309,UPL_019,2024-10-10,342.53,Utility,Debit,True
TXN002310,UPL_019,2024-10-18,743.3,Utility,Debit,False
TXN002311,UPL_019,2024-10-03,1037.12,Food,Debit,
TXN002312,UPL_019,2024-10-14,930.57,Food,Debit,
TXN002313,UPL_019,2024-10-12,1289.78,Food,Debit,
TXN002314,UPL_019,2024-10-03,4264.79,Transport,Debit,
TXN002315,UPL_019,2024-10-27,3101.6,Transport,Debit,
TXN002316,UPL_019,2024-10-16,5138.98,Discretionary,Debit,
TXN002317,UPL_019,2024-10-13,7659.93,Transport,Debit,
TXN002318,UPL_019,2024-11-02,46853.39,Salary,Credit,
TXN002319,UPL_019,2024-11-10,8197.25,EMI,Debit,False
TXN002320,UPL_019,2024-11-24,771.28,Utility,Debit,True
TXN002321,UPL_019,2024-11-18,594.93,Utility,Debit,True
TXN002322,UPL_019,2024-11-19,1597.09,Food,Debit,
TXN002323,UPL_019,2024-11-01,1228.34,Food,Debit,
TXN002324,UPL_019,2024-11-04,1273.19,Food,Debit,
TXN002325,UPL_019,2024-11-14,7947.22,Discretionary,Debit,
TXN002326,UPL_019,2024-11-09,17425.21,Discretionary,Debit,
TXN002327,UPL_019,2024-12-01,46853.39,Salary,Credit,
TXN002328,UPL_019,2024-12-06,9247.97,EMI,Debit,True
TXN002329,UPL_019,2024-12-14,509.04,Utility,Debit,False
TXN002330,UPL_019,2024-12-16,1032.28,Utility,Debit,True
TXN002331,UPL_019,2024-12-06,1441.68,Food,Debit,
TXN002332,UPL_019,2024-12-24,1649.55,Food,Debit,
TXN002333,UPL_019,2024-12-17,1532.76,Food,Debit,
TXN002334,UPL_019,2024-12-18,14038.21,Transport,Debit,
TXN002335,UPL_019,2024-12-17,14586.47,Discretionary,Debit,
TXN002336,UPL_019,2025-01-01,46853.39,Salary,Credit,
TXN002337,UPL_019,2025-01-07,5971.14,EMI,Debit,False
TXN002338,UPL_019,2025-01-22,534.65,Utility,Debit,True
TXN002339,UPL_019,2025-01-21,460.54,Utility,Debit,False
TXN002340,UPL_019,2025-01-25,1042.24,Food,Debit,
TXN002341,UPL_019,2025-01-10,1036.18,Food,Debit,
TXN002342,UPL_019,2025-01-27,907.15,Food,Debit,
TXN002343,UPL_019,2025-01-20,5632.45,Transport,Debit,
TXN002344,UPL_019,2025-01-17,4385.11,Transport,Debit,
TXN002345,UPL_019,2025-01-09,4989.22,Transport,Debit,
TXN002346,UPL_019,2025-01-02,3475.32,Transport,Debit,
TXN002347,UPL_019,2025-02-01,46853.39,Salary,Credit,
TXN002348,UPL_019,2025-02-05,7839.86,EMI,Debit,False
TXN002349,UPL_019,2025-02-19,828.08,Utility,Debit,True
TXN002350,UPL_019,2025-02-14,478.56,Utility,Debit,True
TXN002351,UPL_019,2025-02-25,1748.93,Food,Debit,
TXN002352,UPL_019,2025-02-24,982.78,Food,Debit,
TXN002353,UPL_019,2025-02-10,1188.21,Food,Debit,
TXN002354,UPL_019,2025-02-05,7374.71,Discretionary,Debit,
TXN002355,UPL_019,2025-02-24,6483.9,Transport,Debit,
TXN002356,UPL_019,2025-02-20,10407.62,Discretionary,Debit,
TXN002357,UPL_019,2025-03-01,46853.39,Salary,Credit,
TXN002358,UPL_019,2025-03-08,6102.86,EMI,Debit,True
TXN002359,UPL_019,2025-03-19,545.01,Utility,Debit,False
TXN002360,UPL_019,2025-03-24,472.13,Utility,Debit,False
TXN002361,UPL_019,2025-03-06,1115.23,Food,Debit,
TXN002362,UPL_019,2025-03-20,1037.09,Food,Debit,
TXN002363,UPL_019,2025-03-24,899.11,Food,Debit,
TXN002364,UPL_019,2025-03-05,3314.38,Discretionary,Debit,
TXN002365,UPL_019,2025-03-28,4939.96,Transport,Debit,
TXN002366,UPL_019,2025-03-04,4183.44,Discretionary,Debit,
TXN002367,UPL_019,2025-03-12,6452.04,Discretionary,Debit,
TXN002368,UPL_019,2025-04-03,46853.39,Salary,Credit,
TXN002369,UPL_019,2025-04-10,9204.09,EMI,Debit,True
TXN002370,UPL_019,2025-04-21,838.81,Utility,Debit,True
TXN002371,UPL_019,2025-04-24,695.21,Utility,Debit,True
TXN002372,UPL_019,2025-04-14,1685.25,Food,Debit,
TXN002373,UPL_019,2025-04-08,1494.73,Food,Debit,
TXN002374,UPL_019,2025-04-02,1422.07,Food,Debit,
TXN002375,UPL_019,2025-04-21,7816.56,Discretionary,Debit,
TXN002376,UPL_019,2025-04-15,6978.9,Transport,Debit,
TXN002377,UPL_019,2025-04-28,8112.59,Discretionary,Debit,
TXN002378,UPL_019,2025-04-18,5580.81,Transport,Debit,
TXN002379,UPL_019,2025-05-01,46853.39,Salary,Credit,
TXN002380,UPL_019,2025-05-06,9788.54,EMI,Debit,True
TXN002381,UPL_019,2025-05-11,585.37,Utility,Debit,False
TXN002382,UPL_019,2025-05-08,1046.05,Utility,Debit,False
TXN002383,UPL_019,2025-05-09,1885.22,Food,Debit,
TXN002384,UPL_019,2025-05-14,1783.48,Food,Debit,
TXN002385,UPL_019,2025-05-19,1225.57,Food,Debit,
TXN002386,UPL_019,2025-05-27,20504.57,Discretionary,Debit,
TXN002387,UPL_019,2025-05-07,9793.29,Transport,Debit,
TXN002388,UPL_019,2025-06-03,46853.39,Salary,Credit,
TXN002389,UPL_019,2025-06-07,9069.08,EMI,Debit,True
TXN002390,UPL_019,2025-06-14,783.87,Utility,Debit,True
TXN002391,UPL_019,2025-06-17,727.64,Utility,Debit,False
TXN002392,UPL_019,2025-06-01,2106.82,Food,Debit,
TXN002393,UPL_019,2025-06-13,1264.15,Food,Debit,
TXN002394,UPL_019,2025-06-12,1163.57,Food,Debit,
TXN002395,UPL_019,2025-06-27,9635.15,Transport,Debit,
TXN002396,UPL_019,2025-06-18,10308.67,Transport,Debit,
TXN002397,UPL_019,2025-06-15,8127.13,Transport,Debit,
TXN002398,UPL_019,2025-07-02,46853.39,Salary,Credit,
TXN002399,UPL_019,2025-07-06,6354.63,EMI,Debit,False
TXN002400,UPL_019,2025-07-09,446.6,Utility,Debit,True
TXN002401,UPL_019,2025-07-11,612.51,Utility,Debit,False
TXN002402,UPL_019,2025-07-09,1545.15,Food,Debit,
TXN002403,UPL_019,2025-07-19,782.03,Food,Debit,
TXN002404,UPL_019,2025-07-26,850.13,Food,Debit,
TXN002405,UPL_019,2025-07-21,5821.23,Transport,Debit,
TXN002406,UPL_019,2025-07-23,6258.59,Discretionary,Debit,
TXN002407,UPL_019,2025-07-23,7589.26,Transport,Debit,
TXN002408,UPL_019,2025-08-01,46853.39,Salary,Credit,
TXN002409,UPL_019,2025-08-12,6882.43,EMI,Debit,False
TXN002410,UPL_019,2025-08-24,450.86,Utility,Debit,True
TXN002411,UPL_019,2025-08-22,696.21,Utility,Debit,False
TXN002412,UPL_019,2025-08-06,993.94,Food,Debit,
TXN002413,UPL_019,2025-08-18,1291.84,Food,Debit,
TXN002414,UPL_019,2025-08-21,1155.43,Food,Debit,
TXN002415,UPL_019,2025-08-21,8011.29,Transport,Debit,
TXN002416,UPL_019,2025-08-27,6445.76,Transport,Debit,
TXN002417,UPL_019,2025-08-28,6845.7,Discretionary,Debit,
TXN002418,UPL_019,2025-09-03,46853.39,Salary,Credit,
TXN002419,UPL_019,2025-09-12,6948.84,EMI,Debit,True
TXN002420,UPL_019,2025-09-21,584.77,Utility,Debit,True
TXN002421,UPL_019,2025-09-20,573.37,Utility,Debit,False
TXN002422,UPL_019,2025-09-15,1276.3,Food,Debit,
TXN002423,UPL_019,2025-09-28,1242.73,Food,Debit,
TXN002424,UPL_019,2025-09-04,955.39,Food,Debit,
TXN002425,UPL_019,2025-09-28,2933.76,Discretionary,Debit,
TXN002426,UPL_019,2025-09-21,7247.12,Discretionary,Debit,
TXN002427,UPL_019,2025-09-24,3371.68,Discretionary,Debit,
TXN002428,UPL_019,2025-09-13,7955.76,Discretionary,Debit,
TXN002429,UPL_020,2024-10-03,48964.58,Salary,Credit,
TXN002430,UPL_020,2024-10-05,2818.72,Rent,Debit,False
TXN002431,UPL_020,2024-10-06,9395.74,EMI,Debit,True
TXN002432,UPL_020,2024-10-15,455.55,Utility,Debit,True
TXN002433,UPL_020,2024-10-16,405.73,Utility,Debit,True
TXN002434,UPL_020,2024-10-05,810.43,Food,Debit,
TXN002435,UPL_020,2024-10-10,523.55,Food,Debit,
TXN002436,UPL_020,2024-10-04,1249.85,Food,Debit,
TXN002437,UPL_020,2024-10-23,2839.01,Discretionary,Debit,
TXN002438,UPL_020,2024-10-14,2163.23,Transport,Debit,
TXN002439,UPL_020,2024-10-27,3456.93,Transport,Debit,
TXN002440,UPL_020,2024-10-19,3844.77,Discretionary,Debit,
TXN002441,UPL_020,2024-11-03,48964.58,Salary,Credit,
TXN002442,UPL_020,2024-11-04,2432.38,Rent,Debit,True
TXN002443,UPL_020,2024-11-08,8107.93,EMI,Debit,True
TXN002444,UPL_020,2024-11-21,263.96,Utility,Debit,True
TXN002445,UPL_020,2024-11-11,479.27,Utility,Debit,True
TXN002446,UPL_020,2024-11-04,618.91,Food,Debit,
TXN002447,UPL_020,2024-11-01,750.79,Food,Debit,
TXN002448,UPL_020,2024-11-14,859.98,Food,Debit,
TXN002449,UPL_020,2024-11-03,5575.6,Transport,Debit,
TXN002450,UPL_020,2024-11-03,5041.94,Transport,Debit,
TXN002451,UPL_020,2024-12-03,48964.58,Salary,Credit,
TXN002452,UPL_020,2024-12-04,2946.49,Rent,Debit,True
TXN002453,UPL_020,2024-12-12,9821.64,EMI,Debit,True
TXN002454,UPL_020,2024-12-24,436.02,Utility,Debit,False
TXN002455,UPL_020,2024-12-08,464.29,Utility,Debit,True
TXN002456,UPL_020,2024-12-11,914.01,Food,Debit,
TXN002457,UPL_020,2024-12-12,871.2,Food,Debit,
TXN002458,UPL_020,2024-12-09,915.74,Food,Debit,
TXN002459,UPL_020,2024-12-14,6605.52,Discretionary,Debit,
TXN002460,UPL_020,2024-12-06,6256.15,Discretionary,Debit,
TXN002461,UPL_020,2025-01-01,48964.58,Salary,Credit,
TXN002462,UPL_020,2025-01-02,2766.77,Rent,Debit,True
TXN002463,UPL_020,2025-01-07,9222.58,EMI,Debit,False
TXN002464,UPL_020,2025-01-16,432.09,Utility,Debit,True
TXN002465,UPL_020,2025-01-08,413.31,Utility,Debit,True
TXN002466,UPL_020,2025-01-24,893.0,Food,Debit,
TXN002467,UPL_020,2025-01-16,870.84,Food,Debit,
TXN002468,UPL_020,2025-01-26,772.36,Food,Debit,
TXN002469,UPL_020,2025-01-20,3271.26,Discretionary,Debit,
TXN002470,UPL_020,2025-01-04,3553.92,Discretionary,Debit,
TXN002471,UPL_020,2025-01-04,2603.58,Discretionary,Debit,
TXN002472,UPL_020,2025-01-06,2648.43,Transport,Debit,
TXN002473,UPL_020,2025-02-02,48964.58,Salary,Credit,
TXN002474,UPL_020,2025-02-02,2539.79,Rent,Debit,True
TXN002475,UPL_020,2025-02-06,8465.98,EMI,Debit,False
TXN002476,UPL_020,2025-02-09,467.55,Utility,Debit,True
TXN002477,UPL_020,2025-02-09,308.5,Utility,Debit,True
TXN002478,UPL_020,2025-02-22,650.75,Food,Debit,
TXN002479,UPL_020,2025-02-04,814.1,Food,Debit,
TXN002480,UPL_020,2025-02-02,863.29,Food,Debit,
TXN002481,UPL_020,2025-02-24,5292.46,Discretionary,Debit,
TXN002482,UPL_020,2025-02-11,5793.95,Transport,Debit,
TXN002483,UPL_020,2025-03-02,48964.58,Salary,Credit,
TXN002484,UPL_020,2025-03-04,2537.01,Rent,Debit,True
TXN002485,UPL_020,2025-03-11,8456.7,EMI,Debit,True
TXN002486,UPL_020,2025-03-18,323.17,Utility,Debit,True
TXN002487,UPL_020,2025-03-23,452.03,Utility,Debit,True
TXN002488,UPL_020,2025-03-03,679.8,Food,Debit,
TXN002489,UPL_020,2025-03-25,754.3,Food,Debit,
TXN002490,UPL_020,2025-03-15,891.49,Food,Debit,
TXN002491,UPL_020,2025-03-15,3477.85,Transport,Debit,
TXN002492,UPL_020,2025-03-09,3722.99,Discretionary,Debit,
TXN002493,UPL_020,2025-03-03,3873.41,Discretionary,Debit,
TXN002494,UPL_020,2025-04-01,48964.58,Salary,Credit,
TXN002495,UPL_020,2025-04-03,2547.21,Rent,Debit,True
TXN002496,UPL_020,2025-04-10,8490.7,EMI,Debit,True
TXN002497,UPL_020,2025-04-17,427.17,Utility,Debit,True
TXN002498,UPL_020,2025-04-18,351.15,Utility,Debit,True
TXN002499,UPL_020,2025-04-27,558.1,Food,Debit,
TXN002500,UPL_020,2025-04-08,855.03,Food,Debit,
TXN002501,UPL_020,2025-04-23,921.81,Food,Debit,
TXN002502,UPL_020,2025-04-25,3333.49,Discretionary,Debit,
TXN002503,UPL_020,2025-04-12,2049.54,Transport,Debit,
TXN002504,UPL_020,2025-04-23,2700.91,Discretionary,Debit,
TXN002505,UPL_020,2025-04-01,3034.83,Transport,Debit,
TXN002506,UPL_020,2025-05-02,48964.58,Salary,Credit,
TXN002507,UPL_020,2025-05-05,2485.37,Rent,Debit,True
TXN002508,UPL_020,2025-05-05,8284.55,EMI,Debit,True
TXN002509,UPL_020,2025-05-08,355.02,Utility,Debit,True
TXN002510,UPL_020,2025-05-13,404.39,Utility,Debit,False
TXN002511,UPL_020,2025-05-21,1012.7,Food,Debit,
TXN002512,UPL_020,2025-05-11,387.84,Food,Debit,
TXN002513,UPL_020,2025-05-09,877.71,Food,Debit,
TXN002514,UPL_020,2025-05-06,6872.74,Discretionary,Debit,
TXN002515,UPL_020,2025-05-04,3976.08,Discretionary,Debit,
TXN002516,UPL_020,2025-06-02,48964.58,Salary,Credit,
TXN002517,UPL_020,2025-06-03,2743.96,Rent,Debit,True
TXN002518,UPL_020,2025-06-09,9146.55,EMI,Debit,False
TXN002519,UPL_020,2025-06-15,415.19,Utility,Debit,True
TXN002520,UPL_020,2025-06-15,423.24,Utility,Debit,True
TXN002521,UPL_020,2025-06-15,1145.41,Food,Debit,
TXN002522,UPL_020,2025-06-06,481.91,Food,Debit,
TXN002523,UPL_020,2025-06-27,887.98,Food,Debit,
TXN002524,UPL_020,2025-06-27,4947.4,Transport,Debit,
TXN002525,UPL_020,2025-06-06,2944.9,Transport,Debit,
TXN002526,UPL_020,2025-06-05,4085.32,Discretionary,Debit,
TXN002527,UPL_020,2025-07-02,48964.58,Salary,Credit,
TXN002528,UPL_020,2025-07-02,2774.66,Rent,Debit,False
TXN002529,UPL_020,2025-07-11,9248.86,EMI,Debit,True
TXN002530,UPL_020,2025-07-19,431.74,Utility,Debit,True
TXN002531,UPL_020,2025-07-16,416.07,Utility,Debit,True
TXN002532,UPL_020,2025-07-12,921.64,Food,Debit,
TXN002533,UPL_020,2025-07-04,1094.98,Food,Debit,
TXN002534,UPL_020,2025-07-24,526.81,Food,Debit,
TXN002535,UPL_020,2025-07-12,2687.63,Transport,Debit,
TXN002536,UPL_020,2025-07-03,3720.11,Discretionary,Debit,
TXN002537,UPL_020,2025-07-21,5703.86,Discretionary,Debit,
TXN002538,UPL_020,2025-08-01,48964.58,Salary,Credit,
TXN002539,UPL_020,2025-08-01,2758.04,Rent,Debit,True
TXN002540,UPL_020,2025-08-11,9193.47,EMI,Debit,True
TXN002541,UPL_020,2025-08-11,239.41,Utility,Debit,True
TXN002542,UPL_020,2025-08-19,603.33,Utility,Debit,True
TXN002543,UPL_020,2025-08-07,916.87,Food,Debit,
TXN002544,UPL_020,2025-08-25,948.33,Food,Debit,
TXN002545,UPL_020,2025-08-27,663.0,Food,Debit,
TXN002546,UPL_020,2025-08-14,4878.17,Discretionary,Debit,
TXN002547,UPL_020,2025-08-11,2445.07,Discretionary,Debit,
TXN002548,UPL_020,2025-08-16,4715.82,Transport,Debit,
TXN002549,UPL_020,2025-09-03,48964.58,Salary,Credit,
TXN002550,UPL_020,2025-09-02,2417.74,Rent,Debit,True
TXN002551,UPL_020,2025-09-10,8059.14,EMI,Debit,True
TXN002552,UPL_020,2025-09-08,329.16,Utility,Debit,True
TXN002553,UPL_020,2025-09-24,409.59,Utility,Debit,True
TXN002554,UPL_020,2025-09-28,928.62,Food,Debit,
TXN002555,UPL_020,2025-09-21,893.68,Food,Debit,
TXN002556,UPL_020,2025-09-03,393.97,Food,Debit,
TXN002557,UPL_020,2025-09-08,7248.76,Discretionary,Debit,
TXN002558,UPL_020,2025-09-02,3304.87,Discretionary,Debit,
TXN002559,UPL_021,2024-10-02,26781.27,Salary,Credit,
TXN002560,UPL_021,2024-10-12,5364.09,EMI,Debit,False
TXN002561,UPL_021,2024-10-15,549.43,Utility,Debit,False
TXN002562,UPL_021,2024-10-12,344.58,Utility,Debit,True
TXN002563,UPL_021,2024-10-08,1036.45,Food,Debit,
TXN002564,UPL_021,2024-10-02,694.08,Food,Debit,
TXN002565,UPL_021,2024-10-03,951.51,Food,Debit,
TXN002566,UPL_021,2024-10-07,5703.47,Discretionary,Debit,
TXN002567,UPL_021,2024-10-27,4732.25,Transport,Debit,
TXN002568,UPL_021,2024-10-02,6167.41,Transport,Debit,
TXN002569,UPL_021,2024-11-03,26781.27,Salary,Credit,
TXN002570,UPL_021,2024-11-07,5744.18,EMI,Debit,True
TXN002571,UPL_021,2024-11-15,463.49,Utility,Debit,False
TXN002572,UPL_021,2024-11-20,493.88,Utility,Debit,False
TXN002573,UPL_021,2024-11-01,848.22,Food,Debit,
TXN002574,UPL_021,2024-11-26,660.13,Food,Debit,
TXN002575,UPL_021,2024-11-27,1363.74,Food,Debit,
TXN002576,UPL_021,2024-11-19,11508.92,Discretionary,Debit,
TXN002577,UPL_021,2024-11-18,6270.69,Transport,Debit,
TXN002578,UPL_021,2024-12-02,26781.27,Salary,Credit,
TXN002579,UPL_021,2024-12-10,3658.54,EMI,Debit,True
TXN002580,UPL_021,2024-12-08,371.37,Utility,Debit,True
TXN002581,UPL_021,2024-12-09,238.38,Utility,Debit,True
TXN002582,UPL_021,2024-12-02,392.51,Food,Debit,
TXN002583,UPL_021,2024-12-19,833.11,Food,Debit,
TXN002584,UPL_021,2024-12-19,603.65,Food,Debit,
TXN002585,UPL_021,2024-12-26,6944.95,Discretionary,Debit,
TXN002586,UPL_021,2024-12-16,4379.09,Transport,Debit,
TXN002587,UPL_021,2025-01-01,26781.27,Salary,Credit,
TXN002588,UPL_021,2025-01-07,4380.76,EMI,Debit,False
TXN002589,UPL_021,2025-01-13,486.7,Utility,Debit,False
TXN002590,UPL_021,2025-01-13,243.42,Utility,Debit,True
TXN002591,UPL_021,2025-01-10,902.63,Food,Debit,
TXN002592,UPL_021,2025-01-21,837.04,Food,Debit,
TXN002593,UPL_021,2025-01-22,450.71,Food,Debit,
TXN002594,UPL_021,2025-01-15,2780.65,Transport,Debit,
TXN002595,UPL_021,2025-01-09,3021.06,Transport,Debit,
TXN002596,UPL_021,2025-01-06,3314.24,Transport,Debit,
TXN002597,UPL_021,2025-01-28,4443.55,Transport,Debit,
TXN002598,UPL_021,2025-02-02,26781.27,Salary,Credit,
TXN002599,UPL_021,2025-02-12,5325.97,EMI,Debit,True
TXN002600,UPL_021,2025-02-19,393.69,Utility,Debit,True
TXN002601,UPL_021,2025-02-11,493.97,Utility,Debit,False
TXN002602,UPL_021,2025-02-22,857.32,Food,Debit,
TXN002603,UPL_021,2025-02-22,890.27,Food,Debit,
TXN002604,UPL_021,2025-02-16,915.4,Food,Debit,
TXN002605,UPL_021,2025-02-06,3426.29,Discretionary,Debit,
TXN002606,UPL_021,2025-02-18,2509.62,Transport,Debit,
TXN002607,UPL_021,2025-02-08,5668.9,Transport,Debit,
TXN002608,UPL_021,2025-02-04,4880.35,Transport,Debit,
TXN002609,UPL_021,2025-03-01,26781.27,Salary,Credit,
TXN002610,UPL_021,2025-03-07,5517.75,EMI,Debit,False
TXN002611,UPL_021,2025-03-15,480.68,Utility,Debit,False
TXN002612,UPL_021,2025-03-13,438.94,Utility,Debit,True
TXN002613,UPL_021,2025-03-27,473.71,Food,Debit,
TXN002614,UPL_021,2025-03-03,1181.69,Food,Debit,
TXN002615,UPL_021,2025-03-26,1103.48,Food,Debit,
TXN002616,UPL_021,2025-03-15,7268.69,Transport,Debit,
TXN002617,UPL_021,2025-03-14,6676.34,Transport,Debit,
TXN002618,UPL_021,2025-03-03,3133.72,Discretionary,Debit,
TXN002619,UPL_021,2025-04-02,26781.27,Salary,Credit,
TXN002620,UPL_021,2025-04-11,3328.42,EMI,Debit,False
TXN002621,UPL_021,2025-04-13,282.41,Utility,Debit,True
TXN002622,UPL_021,2025-04-17,272.32,Utility,Debit,True
TXN002623,UPL_021,2025-04-01,520.46,Food,Debit,
TXN002624,UPL_021,2025-04-22,665.39,Food,Debit,
TXN002625,UPL_021,2025-04-12,478.35,Food,Debit,
TXN002626,UPL_021,2025-04-24,4176.64,Discretionary,Debit,
TXN002627,UPL_021,2025-04-22,1729.43,Discretionary,Debit,
TXN002628,UPL_021,2025-04-28,4396.16,Discretionary,Debit,
TXN002629,UPL_021,2025-05-03,26781.27,Salary,Credit,
TXN002630,UPL_021,2025-05-10,5206.38,EMI,Debit,False
TXN002631,UPL_021,2025-05-13,425.87,Utility,Debit,False
TXN002632,UPL_021,2025-05-17,441.86,Utility,Debit,False
TXN002633,UPL_021,2025-05-12,747.99,Food,Debit,
TXN002634,UPL_021,2025-05-19,739.37,Food,Debit,
TXN002635,UPL_021,2025-05-04,1115.83,Food,Debit,
TXN002636,UPL_021,2025-05-26,5309.38,Discretionary,Debit,
TXN002637,UPL_021,2025-05-12,4913.83,Transport,Debit,
TXN002638,UPL_021,2025-05-12,5891.78,Discretionary,Debit,
TXN002639,UPL_021,2025-06-02,26781.27,Salary,Credit,
TXN002640,UPL_021,2025-06-07,5336.23,EMI,Debit,True
TXN002641,UPL_021,2025-06-09,263.73,Utility,Debit,True
TXN002642,UPL_021,2025-06-17,625.64,Utility,Debit,False
TXN002643,UPL_021,2025-06-26,782.54,Food,Debit,
TXN002644,UPL_021,2025-06-23,799.69,Food,Debit,
TXN002645,UPL_021,2025-06-18,1085.89,Food,Debit,
TXN002646,UPL_021,2025-06-27,10489.25,Discretionary,Debit,
TXN002647,UPL_021,2025-06-12,6027.65,Discretionary,Debit,
TXN002648,UPL_021,2025-07-01,26781.27,Salary,Credit,
TXN002649,UPL_021,2025-07-10,3882.71,EMI,Debit,False
TXN002650,UPL_021,2025-07-17,425.46,Utility,Debit,True
TXN002651,UPL_021,2025-07-14,221.66,Utility,Debit,True
TXN002652,UPL_021,2025-07-03,665.54,Food,Debit,
TXN002653,UPL_021,2025-07-17,750.9,Food,Debit,
TXN002654,UPL_021,2025-07-22,524.91,Food,Debit,
TXN002655,UPL_021,2025-07-16,4873.39,Transport,Debit,
TXN002656,UPL_021,2025-07-05,2865.77,Transport,Debit,
TXN002657,UPL_021,2025-07-02,4278.75,Discretionary,Debit,
TXN002658,UPL_021,2025-08-01,26781.27,Salary,Credit,
TXN002659,UPL_021,2025-08-05,3524.83,EMI,Debit,False
TXN002660,UPL_021,2025-08-20,324.57,Utility,Debit,True
TXN002661,UPL_021,2025-08-18,262.91,Utility,Debit,False
TXN002662,UPL_021,2025-08-23,597.13,Food,Debit,
TXN002663,UPL_021,2025-08-19,568.87,Food,Debit,
TXN002664,UPL_021,2025-08-01,596.42,Food,Debit,
TXN002665,UPL_021,2025-08-10,6613.11,Discretionary,Debit,
TXN002666,UPL_021,2025-08-17,4297.09,Discretionary,Debit,
TXN002667,UPL_021,2025-09-02,26781.27,Salary,Credit,
TXN002668,UPL_021,2025-09-06,4155.96,EMI,Debit,False
TXN002669,UPL_021,2025-09-23,375.18,Utility,Debit,False
TXN002670,UPL_021,2025-09-16,317.48,Utility,Debit,True
TXN002671,UPL_021,2025-09-08,730.25,Food,Debit,
TXN002672,UPL_021,2025-09-12,703.05,Food,Debit,
TXN002673,UPL_021,2025-09-01,644.68,Food,Debit,
TXN002674,UPL_021,2025-09-12,5085.17,Transport,Debit,
TXN002675,UPL_021,2025-09-12,2539.51,Discretionary,Debit,
TXN002676,UPL_021,2025-09-15,5239.0,Discretionary,Debit,
TXN002677,UPL_022,2024-10-01,39507.57,Salary,Credit,
TXN002678,UPL_022,2024-10-01,1867.57,Rent,Debit,True
TXN002679,UPL_022,2024-10-08,6225.24,EMI,Debit,True
TXN002680,UPL_022,2024-10-20,312.65,Utility,Debit,False
TXN002681,UPL_022,2024-10-20,258.0,Utility,Debit,True
TXN002682,UPL_022,2024-10-09,502.66,Food,Debit,
TXN002683,UPL_022,2024-10-15,526.22,Food,Debit,
TXN002684,UPL_022,2024-10-27,683.06,Food,Debit,
TXN002685,UPL_022,2024-10-20,6207.94,Transport,Debit,
TXN002686,UPL_022,2024-10-09,2918.65,Transport,Debit,
TXN002687,UPL_022,2024-10-28,3053.22,Transport,Debit,
TXN002688,UPL_022,2024-11-03,39507.57,Salary,Credit,
TXN002689,UPL_022,2024-11-03,2495.43,Rent,Debit,True
TXN002690,UPL_022,2024-11-11,8318.11,EMI,Debit,True
TXN002691,UPL_022,2024-11-10,414.48,Utility,Debit,False
TXN002692,UPL_022,2024-11-19,348.02,Utility,Debit,True
TXN002693,UPL_022,2024-11-07,893.33,Food,Debit,
TXN002694,UPL_022,2024-11-18,686.19,Food,Debit,
TXN002695,UPL_022,2024-11-17,707.96,Food,Debit,
TXN002696,UPL_022,2024-11-14,9843.92,Transport,Debit,
TXN002697,UPL_022,2024-11-03,6430.64,Discretionary,Debit,
TXN002698,UPL_022,2024-12-01,39507.57,Salary,Credit,
TXN002699,UPL_022,2024-12-04,2417.5,Rent,Debit,True
TXN002700,UPL_022,2024-12-12,8058.34,EMI,Debit,True
TXN002701,UPL_022,2024-12-10,368.25,Utility,Debit,True
TXN002702,UPL_022,2024-12-13,370.43,Utility,Debit,False
TXN002703,UPL_022,2024-12-14,1040.15,Food,Debit,
TXN002704,UPL_022,2024-12-20,411.53,Food,Debit,
TXN002705,UPL_022,2024-12-24,764.36,Food,Debit,
TXN002706,UPL_022,2024-12-11,6035.79,Discretionary,Debit,
TXN002707,UPL_022,2024-12-10,6313.01,Discretionary,Debit,
TXN002708,UPL_022,2024-12-16,3417.51,Transport,Debit,
TXN002709,UPL_022,2025-01-01,39507.57,Salary,Credit,
TXN002710,UPL_022,2025-01-03,2405.73,Rent,Debit,True
TXN002711,UPL_022,2025-01-05,8019.1,EMI,Debit,True
TXN002712,UPL_022,2025-01-23,359.56,Utility,Debit,False
TXN002713,UPL_022,2025-01-09,375.52,Utility,Debit,False
TXN002714,UPL_022,2025-01-15,970.41,Food,Debit,
TXN002715,UPL_022,2025-01-25,473.33,Food,Debit,
TXN002716,UPL_022,2025-01-28,761.51,Food,Debit,
TXN002717,UPL_022,2025-01-10,3303.71,Transport,Debit,
TXN002718,UPL_022,2025-01-25,5476.56,Discretionary,Debit,
TXN002719,UPL_022,2025-01-17,6909.28,Discretionary,Debit,
TXN002720,UPL_022,2025-02-01,39507.57,Salary,Credit,
TXN002721,UPL_022,2025-02-05,2302.7,Rent,Debit,True
TXN002722,UPL_022,2025-02-10,7675.68,EMI,Debit,True
TXN002723,UPL_022,2025-02-18,310.61,Utility,Debit,True
TXN002724,UPL_022,2025-02-13,393.0,Utility,Debit,True
TXN002725,UPL_022,2025-02-16,657.34,Food,Debit,
TXN002726,UPL_022,2025-02-01,866.02,Food,Debit,
TXN002727,UPL_022,2025-02-02,587.45,Food,Debit,
TXN002728,UPL_022,2025-02-25,4681.58,Transport,Debit,
TXN002729,UPL_022,2025-02-19,2349.18,Discretionary,Debit,
TXN002730,UPL_022,2025-02-05,4737.22,Discretionary,Debit,
TXN002731,UPL_022,2025-02-15,3249.66,Discretionary,Debit,
TXN002732,UPL_022,2025-03-03,39507.57,Salary,Credit,
TXN002733,UPL_022,2025-03-03,1890.81,Rent,Debit,True
TXN002734,UPL_022,2025-03-06,6302.69,EMI,Debit,True
TXN002735,UPL_022,2025-03-18,218.9,Utility,Debit,True
TXN002736,UPL_022,2025-03-08,358.85,Utility,Debit,False
TXN002737,UPL_022,2025-03-19,522.4,Food,Debit,
TXN002738,UPL_022,2025-03-26,725.83,Food,Debit,
TXN002739,UPL_022,2025-03-12,485.0,Food,Debit,
TXN002740,UPL_022,2025-03-16,5016.11,Transport,Debit,
TXN002741,UPL_022,2025-03-04,2042.85,Discretionary,Debit,
TXN002742,UPL_022,2025-03-17,5272.38,Transport,Debit,
TXN002743,UPL_022,2025-04-02,39507.57,Salary,Credit,
TXN002744,UPL_022,2025-04-01,2185.65,Rent,Debit,False
TXN002745,UPL_022,2025-04-12,7285.49,EMI,Debit,True
TXN002746,UPL_022,2025-04-13,297.61,Utility,Debit,True
TXN002747,UPL_022,2025-04-17,370.23,Utility,Debit,True
TXN002748,UPL_022,2025-04-21,707.86,Food,Debit,
TXN002749,UPL_022,2025-04-27,730.24,Food,Debit,
TXN002750,UPL_022,2025-04-25,565.41,Food,Debit,
TXN002751,UPL_022,2025-04-14,1836.84,Transport,Debit,
TXN002752,UPL_022,2025-04-12,4238.54,Transport,Debit,
TXN002753,UPL_022,2025-04-19,3911.62,Transport,Debit,
TXN002754,UPL_022,2025-04-24,4267.21,Transport,Debit,
TXN002755,UPL_022,2025-05-01,39507.57,Salary,Credit,
TXN002756,UPL_022,2025-05-02,2503.7,Rent,Debit,False
TXN002757,UPL_022,2025-05-12,8345.66,EMI,Debit,True
TXN002758,UPL_022,2025-05-24,462.67,Utility,Debit,True
TXN002759,UPL_022,2025-05-13,302.35,Utility,Debit,True
TXN002760,UPL_022,2025-05-09,877.87,Food,Debit,
TXN002761,UPL_022,2025-05-18,1004.27,Food,Debit,
TXN002762,UPL_022,2025-05-20,412.92,Food,Debit,
TXN002763,UPL_022,2025-05-20,5412.76,Transport,Debit,
TXN002764,UPL_022,2025-05-22,10915.71,Transport,Debit,
TXN002765,UPL_022,2025-06-01,39507.57,Salary,Credit,
TXN002766,UPL_022,2025-06-05,2102.3,Rent,Debit,True
TXN002767,UPL_022,2025-06-08,7007.68,EMI,Debit,True
TXN002768,UPL_022,2025-06-15,328.07,Utility,Debit,True
TXN002769,UPL_022,2025-06-22,314.3,Utility,Debit,True
TXN002770,UPL_022,2025-06-15,481.02,Food,Debit,
TXN002771,UPL_022,2025-06-22,745.22,Food,Debit,
TXN002772,UPL_022,2025-06-21,700.87,Food,Debit,
TXN002773,UPL_022,2025-06-27,3136.8,Transport,Debit,
TXN002774,UPL_022,2025-06-06,3872.0,Transport,Debit,
TXN002775,UPL_022,2025-06-28,4003.31,Transport,Debit,
TXN002776,UPL_022,2025-06-24,2698.56,Transport,Debit,
TXN002777,UPL_022,2025-07-02,39507.57,Salary,Credit,
TXN002778,UPL_022,2025-07-01,1823.04,Rent,Debit,True
TXN002779,UPL_022,2025-07-09,6076.79,EMI,Debit,True
TXN002780,UPL_022,2025-07-14,334.43,Utility,Debit,False
TXN002781,UPL_022,2025-07-22,222.61,Utility,Debit,True
TXN002782,UPL_022,2025-07-27,677.13,Food,Debit,
TXN002783,UPL_022,2025-07-13,284.11,Food,Debit,
TXN002784,UPL_022,2025-07-15,709.87,Food,Debit,
TXN002785,UPL_022,2025-07-03,4316.25,Discretionary,Debit,
TXN002786,UPL_022,2025-07-01,3698.58,Discretionary,Debit,
TXN002787,UPL_022,2025-07-01,3874.54,Discretionary,Debit,
TXN002788,UPL_022,2025-08-02,39507.57,Salary,Credit,
TXN002789,UPL_022,2025-08-03,2319.95,Rent,Debit,False
TXN002790,UPL_022,2025-08-07,7733.18,EMI,Debit,True
TXN002791,UPL_022,2025-08-16,339.48,Utility,Debit,True
TXN002792,UPL_022,2025-08-10,369.39,Utility,Debit,True
TXN002793,UPL_022,2025-08-23,1170.58,Food,Debit,
TXN002794,UPL_022,2025-08-13,482.62,Food,Debit,
TXN002795,UPL_022,2025-08-09,473.42,Food,Debit,
TXN002796,UPL_022,2025-08-02,3484.35,Transport,Debit,
TXN002797,UPL_022,2025-08-08,2671.82,Transport,Debit,
TXN002798,UPL_022,2025-08-09,3696.94,Discretionary,Debit,
TXN002799,UPL_022,2025-08-21,5277.02,Transport,Debit,
TXN002800,UPL_022,2025-09-01,39507.57,Salary,Credit,
TXN002801,UPL_022,2025-09-02,2331.53,Rent,Debit,True
TXN002802,UPL_022,2025-09-12,7771.78,EMI,Debit,True
TXN002803,UPL_022,2025-09-22,328.06,Utility,Debit,True
TXN002804,UPL_022,2025-09-10,384.35,Utility,Debit,False
TXN002805,UPL_022,2025-09-21,859.29,Food,Debit,
TXN002806,UPL_022,2025-09-05,522.79,Food,Debit,
TXN002807,UPL_022,2025-09-10,755.16,Food,Debit,
TXN002808,UPL_022,2025-09-20,5780.28,Discretionary,Debit,
TXN002809,UPL_022,2025-09-25,3205.2,Transport,Debit,
TXN002810,UPL_022,2025-09-03,6220.17,Transport,Debit,
TXN002811,UPL_023,2024-10-02,55551.09,Salary,Credit,
TXN002812,UPL_023,2024-10-03,2749.31,Rent,Debit,True
TXN002813,UPL_023,2024-10-08,9164.37,EMI,Debit,True
TXN002814,UPL_023,2024-10-10,415.52,Utility,Debit,True
TXN002815,UPL_023,2024-10-16,424.54,Utility,Debit,False
TXN002816,UPL_023,2024-10-06,762.78,Food,Debit,
TXN002817,UPL_023,2024-10-03,1183.11,Food,Debit,
TXN002818,UPL_023,2024-10-10,574.31,Food,Debit,
TXN002819,UPL_023,2024-10-16,6340.94,Discretionary,Debit,
TXN002820,UPL_023,2024-10-14,5660.02,Discretionary,Debit,
TXN002821,UPL_023,2024-11-01,55551.09,Salary,Credit,
TXN002822,UPL_023,2024-11-05,3140.8,Rent,Debit,True
TXN002823,UPL_023,2024-11-05,10469.35,EMI,Debit,True
TXN002824,UPL_023,2024-11-20,295.63,Utility,Debit,True
TXN002825,UPL_023,2024-11-11,664.06,Utility,Debit,True
TXN002826,UPL_023,2024-11-15,1028.65,Food,Debit,
TXN002827,UPL_023,2024-11-04,961.86,Food,Debit,
TXN002828,UPL_023,2024-11-10,888.56,Food,Debit,
TXN002829,UPL_023,2024-11-20,3540.59,Discretionary,Debit,
TXN002830,UPL_023,2024-11-07,1964.31,Discretionary,Debit,
TXN002831,UPL_023,2024-11-01,3921.7,Discretionary,Debit,
TXN002832,UPL_023,2024-11-05,4283.25,Transport,Debit,
TXN002833,UPL_023,2024-12-02,55551.09,Salary,Credit,
TXN002834,UPL_023,2024-12-05,2815.91,Rent,Debit,True
TXN002835,UPL_023,2024-12-08,9386.37,EMI,Debit,True
TXN002836,UPL_023,2024-12-18,483.58,Utility,Debit,True
TXN002837,UPL_023,2024-12-10,376.84,Utility,Debit,True
TXN002838,UPL_023,2024-12-03,950.67,Food,Debit,
TXN002839,UPL_023,2024-12-12,677.79,Food,Debit,
TXN002840,UPL_023,2024-12-01,952.79,Food,Debit,
TXN002841,UPL_023,2024-12-14,7799.59,Discretionary,Debit,
TXN002842,UPL_023,2024-12-08,4492.09,Discretionary,Debit,
TXN002843,UPL_023,2025-01-03,55551.09,Salary,Credit,
TXN002844,UPL_023,2025-01-02,3274.17,Rent,Debit,True
TXN002845,UPL_023,2025-01-06,10913.89,EMI,Debit,True
TXN002846,UPL_023,2025-01-19,675.55,Utility,Debit,True
TXN002847,UPL_023,2025-01-12,324.89,Utility,Debit,True
TXN002848,UPL_023,2025-01-19,1383.97,Food,Debit,
TXN002849,UPL_023,2025-01-01,718.87,Food,Debit,
TXN002850,UPL_023,2025-01-07,898.48,Food,Debit,
TXN002851,UPL_023,2025-01-04,8153.47,Discretionary,Debit,
TXN002852,UPL_023,2025-01-09,6138.53,Discretionary,Debit,
TXN002853,UPL_023,2025-02-03,55551.09,Salary,Credit,
TXN002854,UPL_023,2025-02-05,3015.83,Rent,Debit,True
TXN002855,UPL_023,2025-02-09,10052.77,EMI,Debit,True
TXN002856,UPL_023,2025-02-12,456.76,Utility,Debit,True
TXN002857,UPL_023,2025-02-10,464.75,Utility,Debit,True
TXN002858,UPL_023,2025-02-10,951.52,Food,Debit,
TXN002859,UPL_023,2025-02-22,611.83,Food,Debit,
TXN002860,UPL_023,2025-02-22,1201.17,Food,Debit,
TXN002861,UPL_023,2025-02-08,4925.35,Discretionary,Debit,
TXN002862,UPL_023,2025-02-13,8239.0,Discretionary,Debit,
TXN002863,UPL_023,2025-03-02,55551.09,Salary,Credit,
TXN002864,UPL_023,2025-03-05,3068.96,Rent,Debit,True
TXN002865,UPL_023,2025-03-12,10229.88,EMI,Debit,False
TXN002866,UPL_023,2025-03-13,592.6,Utility,Debit,True
TXN002867,UPL_023,2025-03-08,345.14,Utility,Debit,True
TXN002868,UPL_023,2025-03-07,561.12,Food,Debit,
TXN002869,UPL_023,2025-03-20,1135.11,Food,Debit,
TXN002870,UPL_023,2025-03-27,1116.99,Food,Debit,
TXN002871,UPL_023,2025-03-03,8659.53,Discretionary,Debit,
TXN002872,UPL_023,2025-03-02,4736.74,Transport,Debit,
TXN002873,UPL_023,2025-04-02,55551.09,Salary,Credit,
TXN002874,UPL_023,2025-04-04,3103.77,Rent,Debit,True
TXN002875,UPL_023,2025-04-07,10345.89,EMI,Debit,False
TXN002876,UPL_023,2025-04-15,592.78,Utility,Debit,True
TXN002877,UPL_023,2025-04-20,355.59,Utility,Debit,True
TXN002878,UPL_023,2025-04-04,1228.76,Food,Debit,
TXN002879,UPL_023,2025-04-13,622.31,Food,Debit,
TXN002880,UPL_023,2025-04-02,994.06,Food,Debit,
TXN002881,UPL_023,2025-04-09,3676.94,Transport,Debit,
TXN002882,UPL_023,2025-04-23,3540.51,Transport,Debit,
TXN002883,UPL_023,2025-04-17,2674.1,Transport,Debit,
TXN002884,UPL_023,2025-04-08,3656.63,Discretionary,Debit,
TXN002885,UPL_023,2025-05-01,55551.09,Salary,Credit,
TXN002886,UPL_023,2025-05-04,3087.82,Rent,Debit,False
TXN002887,UPL_023,2025-05-10,10292.73,EMI,Debit,True
TXN002888,UPL_023,2025-05-19,642.14,Utility,Debit,True
TXN002889,UPL_023,2025-05-13,301.36,Utility,Debit,True
TXN002890,UPL_023,2025-05-05,843.07,Food,Debit,
TXN002891,UPL_023,2025-05-18,789.42,Food,Debit,
TXN002892,UPL_023,2025-05-01,1198.01,Food,Debit,
TXN002893,UPL_023,2025-05-24,3861.35,Discretionary,Debit,
TXN002894,UPL_023,2025-05-26,3010.65,Transport,Debit,
TXN002895,UPL_023,2025-05-07,3001.56,Discretionary,Debit,
TXN002896,UPL_023,2025-05-19,3605.01,Transport,Debit,
TXN002897,UPL_023,2025-06-02,55551.09,Salary,Credit,
TXN002898,UPL_023,2025-06-01,2964.27,Rent,Debit,True
TXN002899,UPL_023,2025-06-05,9880.88,EMI,Debit,True
TXN002900,UPL_023,2025-06-09,328.53,Utility,Debit,True
TXN002901,UPL_023,2025-06-22,577.21,Utility,Debit,True
TXN002902,UPL_023,2025-06-16,733.25,Food,Debit,
TXN002903,UPL_023,2025-06-14,790.31,Food,Debit,
TXN002904,UPL_023,2025-06-16,1193.68,Food,Debit,
TXN002905,UPL_023,2025-06-08,2601.1,Transport,Debit,
TXN002906,UPL_023,2025-06-06,1669.84,Transport,Debit,
TXN002907,UPL_023,2025-06-03,4234.72,Transport,Debit,
TXN002908,UPL_023,2025-06-22,4433.59,Transport,Debit,
TXN002909,UPL_023,2025-07-02,55551.09,Salary,Credit,
TXN002910,UPL_023,2025-07-04,3306.13,Rent,Debit,True
TXN002911,UPL_023,2025-07-05,11020.42,EMI,Debit,True
TXN002912,UPL_023,2025-07-13,642.06,Utility,Debit,True
TXN002913,UPL_023,2025-07-18,368.15,Utility,Debit,True
TXN002914,UPL_023,2025-07-09,1223.41,Food,Debit,
TXN002915,UPL_023,2025-07-16,845.7,Food,Debit,
TXN002916,UPL_023,2025-07-12,961.5,Food,Debit,
TXN002917,UPL_023,2025-07-22,6975.42,Transport,Debit,
TXN002918,UPL_023,2025-07-08,7456.08,Discretionary,Debit,
TXN002919,UPL_023,2025-08-03,55551.09,Salary,Credit,
TXN002920,UPL_023,2025-08-04,2867.98,Rent,Debit,True
TXN002921,UPL_023,2025-08-09,9559.93,EMI,Debit,True
TXN002922,UPL_023,2025-08-15,526.86,Utility,Debit,True
TXN002923,UPL_023,2025-08-11,349.47,Utility,Debit,True
TXN002924,UPL_023,2025-08-11,812.32,Food,Debit,
TXN002925,UPL_023,2025-08-23,1035.54,Food,Debit,
TXN002926,UPL_023,2025-08-07,781.12,Food,Debit,
TXN002927,UPL_023,2025-08-19,5107.91,Transport,Debit,
TXN002928,UPL_023,2025-08-06,7411.04,Discretionary,Debit,
TXN002929,UPL_023,2025-09-02,55551.09,Salary,Credit,
TXN002930,UPL_023,2025-09-04,3410.93,Rent,Debit,True
TXN002931,UPL_023,2025-09-09,11369.77,EMI,Debit,False
TXN002932,UPL_023,2025-09-08,478.05,Utility,Debit,True
TXN002933,UPL_023,2025-09-19,564.18,Utility,Debit,True
TXN002934,UPL_023,2025-09-26,1180.6,Food,Debit,
TXN002935,UPL_023,2025-09-03,1096.04,Food,Debit,
TXN002936,UPL_023,2025-09-23,850.04,Food,Debit,
TXN002937,UPL_023,2025-09-04,5346.92,Discretionary,Debit,
TXN002938,UPL_023,2025-09-01,4571.35,Transport,Debit,
TXN002939,UPL_023,2025-09-19,4970.72,Transport,Debit,
TXN002940,UPL_024,2024-10-03,32350.53,Salary,Credit,
TXN002941,UPL_024,2024-10-05,1596.82,Rent,Debit,True
TXN002942,UPL_024,2024-10-08,5322.74,EMI,Debit,True
TXN002943,UPL_024,2024-10-09,227.73,Utility,Debit,True
TXN002944,UPL_024,2024-10-15,260.19,Utility,Debit,False
TXN002945,UPL_024,2024-10-18,534.11,Food,Debit,
TXN002946,UPL_024,2024-10-23,492.96,Food,Debit,
TXN002947,UPL_024,2024-10-22,436.68,Food,Debit,
TXN002948,UPL_024,2024-10-21,2399.37,Discretionary,Debit,
TXN002949,UPL_024,2024-10-28,2725.93,Transport,Debit,
TXN002950,UPL_024,2024-10-12,1112.9,Discretionary,Debit,
TXN002951,UPL_024,2024-10-16,2633.02,Transport,Debit,
TXN002952,UPL_024,2024-11-03,32350.53,Salary,Credit,
TXN002953,UPL_024,2024-11-04,1649.47,Rent,Debit,True
TXN002954,UPL_024,2024-11-08,5498.22,EMI,Debit,True
TXN002955,UPL_024,2024-11-20,144.46,Utility,Debit,False
TXN002956,UPL_024,2024-11-22,359.54,Utility,Debit,True
TXN002957,UPL_024,2024-11-15,282.78,Food,Debit,
TXN002958,UPL_024,2024-11-20,518.41,Food,Debit,
TXN002959,UPL_024,2024-11-15,710.83,Food,Debit,
TXN002960,UPL_024,2024-11-22,4751.0,Transport,Debit,
TXN002961,UPL_024,2024-11-08,4412.7,Transport,Debit,
TXN002962,UPL_024,2024-12-02,32350.53,Salary,Credit,
TXN002963,UPL_024,2024-12-03,1580.45,Rent,Debit,True
TXN002964,UPL_024,2024-12-07,5268.17,EMI,Debit,False
TXN002965,UPL_024,2024-12-13,272.49,Utility,Debit,True
TXN002966,UPL_024,2024-12-21,210.43,Utility,Debit,True
TXN002967,UPL_024,2024-12-21,424.37,Food,Debit,
TXN002968,UPL_024,2024-12-28,473.05,Food,Debit,
TXN002969,UPL_024,2024-12-24,551.33,Food,Debit,
TXN002970,UPL_024,2024-12-21,3888.63,Discretionary,Debit,
TXN002971,UPL_024,2024-12-08,3194.97,Discretionary,Debit,
TXN002972,UPL_024,2024-12-03,1696.69,Transport,Debit,
TXN002973,UPL_024,2025-01-03,32350.53,Salary,Credit,
TXN002974,UPL_024,2025-01-02,1704.46,Rent,Debit,True
TXN002975,UPL_024,2025-01-06,5681.52,EMI,Debit,True
TXN002976,UPL_024,2025-01-13,303.85,Utility,Debit,True
TXN002977,UPL_024,2025-01-14,216.95,Utility,Debit,False
TXN002978,UPL_024,2025-01-10,337.49,Food,Debit,
TXN002979,UPL_024,2025-01-07,542.32,Food,Debit,
TXN002980,UPL_024,2025-01-16,682.61,Food,Debit,
TXN002981,UPL_024,2025-01-28,1749.76,Discretionary,Debit,
TXN002982,UPL_024,2025-01-18,2781.78,Transport,Debit,
TXN002983,UPL_024,2025-01-11,2274.86,Discretionary,Debit,
TXN002984,UPL_024,2025-01-28,2662.81,Transport,Debit,
TXN002985,UPL_024,2025-02-02,32350.53,Salary,Credit,
TXN002986,UPL_024,2025-02-02,1542.36,Rent,Debit,False
TXN002987,UPL_024,2025-02-12,5141.19,EMI,Debit,True
TXN002988,UPL_024,2025-02-22,339.41,Utility,Debit,True
TXN002989,UPL_024,2025-02-20,131.87,Utility,Debit,True
TXN002990,UPL_024,2025-02-10,642.06,Food,Debit,
TXN002991,UPL_024,2025-02-19,402.3,Food,Debit,
TXN002992,UPL_024,2025-02-06,369.47,Food,Debit,
TXN002993,UPL_024,2025-02-04,2688.77,Transport,Debit,
TXN002994,UPL_024,2025-02-21,5879.88,Transport,Debit,
TXN002995,UPL_024,2025-03-03,32350.53,Salary,Credit,
TXN002996,UPL_024,2025-03-02,1885.13,Rent,Debit,True
TXN002997,UPL_024,2025-03-05,6283.76,EMI,Debit,True
TXN002998,UPL_024,2025-03-10,257.23,Utility,Debit,True
TXN002999,UPL_024,2025-03-09,318.78,Utility,Debit,True
TXN003000,UPL_024,2025-03-16,716.98,Food,Debit,
TXN003001,UPL_024,2025-03-02,356.37,Food,Debit,
TXN003002,UPL_024,2025-03-20,654.68,Food,Debit,
TXN003003,UPL_024,2025-03-17,4328.96,Transport,Debit,
TXN003004,UPL_024,2025-03-07,2359.38,Discretionary,Debit,
TXN003005,UPL_024,2025-03-16,3784.6,Transport,Debit,
TXN003006,UPL_024,2025-04-01,32350.53,Salary,Credit,
TXN003007,UPL_024,2025-04-03,1710.76,Rent,Debit,True
TXN003008,UPL_024,2025-04-05,5702.52,EMI,Debit,True
TXN003009,UPL_024,2025-04-24,212.6,Utility,Debit,True
TXN003010,UPL_024,2025-04-15,310.13,Utility,Debit,True
TXN003011,UPL_024,2025-04-18,565.34,Food,Debit,
TXN003012,UPL_024,2025-04-14,584.88,Food,Debit,
TXN003013,UPL_024,2025-04-13,417.97,Food,Debit,
TXN003014,UPL_024,2025-04-15,2761.27,Discretionary,Debit,
TXN003015,UPL_024,2025-04-01,6742.93,Transport,Debit,
TXN003016,UPL_024,2025-05-02,32350.53,Salary,Credit,
TXN003017,UPL_024,2025-05-05,1921.03,Rent,Debit,False
TXN003018,UPL_024,2025-05-05,6403.44,EMI,Debit,True
TXN003019,UPL_024,2025-05-10,364.16,Utility,Debit,True
TXN003020,UPL_024,2025-05-14,222.82,Utility,Debit,True
TXN003021,UPL_024,2025-05-06,670.51,Food,Debit,
TXN003022,UPL_024,2025-05-08,376.83,Food,Debit,
TXN003023,UPL_024,2025-05-08,713.61,Food,Debit,
TXN003024,UPL_024,2025-05-27,5340.31,Discretionary,Debit,
TXN003025,UPL_024,2025-05-16,5332.09,Discretionary,Debit,
TXN003026,UPL_024,2025-06-01,32350.53,Salary,Credit,
TXN003027,UPL_024,2025-06-02,1894.07,Rent,Debit,True
TXN003028,UPL_024,2025-06-12,6313.58,EMI,Debit,True
TXN003029,UPL_024,2025-06-22,177.94,Utility,Debit,True
TXN003030,UPL_024,2025-06-14,400.8,Utility,Debit,False
TXN003031,UPL_024,2025-06-14,490.91,Food,Debit,
TXN003032,UPL_024,2025-06-08,627.14,Food,Debit,
TXN003033,UPL_024,2025-06-02,618.18,Food,Debit,
TXN003034,UPL_024,2025-06-10,6868.86,Discretionary,Debit,
TXN003035,UPL_024,2025-06-10,3653.77,Discretionary,Debit,
TXN003036,UPL_024,2025-07-01,32350.53,Salary,Credit,
TXN003037,UPL_024,2025-07-02,1947.5,Rent,Debit,True
TXN003038,UPL_024,2025-07-07,6491.66,EMI,Debit,True
TXN003039,UPL_024,2025-07-11,333.52,Utility,Debit,True
TXN003040,UPL_024,2025-07-16,261.55,Utility,Debit,True
TXN003041,UPL_024,2025-07-14,690.13,Food,Debit,
TXN003042,UPL_024,2025-07-24,407.59,Food,Debit,
TXN003043,UPL_024,2025-07-19,687.48,Food,Debit,
TXN003044,UPL_024,2025-07-02,3215.67,Discretionary,Debit,
TXN003045,UPL_024,2025-07-19,2501.82,Discretionary,Debit,
TXN003046,UPL_024,2025-07-20,1529.31,Discretionary,Debit,
TXN003047,UPL_024,2025-07-09,3572.63,Transport,Debit,
TXN003048,UPL_024,2025-08-01,32350.53,Salary,Credit,
TXN003049,UPL_024,2025-08-03,1792.99,Rent,Debit,True
TXN003050,UPL_024,2025-08-09,5976.62,EMI,Debit,True
TXN003051,UPL_024,2025-08-17,289.08,Utility,Debit,True
TXN003052,UPL_024,2025-08-24,258.77,Utility,Debit,True
TXN003053,UPL_024,2025-08-23,773.67,Food,Debit,
TXN003054,UPL_024,2025-08-04,299.05,Food,Debit,
TXN003055,UPL_024,2025-08-02,570.85,Food,Debit,
TXN003056,UPL_024,2025-08-25,4028.77,Transport,Debit,
TXN003057,UPL_024,2025-08-28,3314.08,Transport,Debit,
TXN003058,UPL_024,2025-08-10,2618.19,Discretionary,Debit,
TXN003059,UPL_024,2025-09-02,32350.53,Salary,Credit,
TXN003060,UPL_024,2025-09-03,1709.06,Rent,Debit,True
TXN003061,UPL_024,2025-09-12,5696.88,EMI,Debit,True
TXN003062,UPL_024,2025-09-23,220.06,Utility,Debit,True
TXN003063,UPL_024,2025-09-17,302.15,Utility,Debit,True
TXN003064,UPL_024,2025-09-03,370.92,Food,Debit,
TXN003065,UPL_024,2025-09-04,555.26,Food,Debit,
TXN003066,UPL_024,2025-09-26,640.46,Food,Debit,
TXN003067,UPL_024,2025-09-22,3593.8,Discretionary,Debit,
TXN003068,UPL_024,2025-09-22,2678.71,Transport,Debit,
TXN003069,UPL_024,2025-09-04,3222.29,Transport,Debit,
TXN003070,UPL_025,2024-10-03,46735.79,Salary,Credit,
TXN003071,UPL_025,2024-10-01,2651.98,Rent,Debit,True
TXN003072,UPL_025,2024-10-12,8839.95,EMI,Debit,True
TXN003073,UPL_025,2024-10-08,530.07,Utility,Debit,False
TXN003074,UPL_025,2024-10-13,280.26,Utility,Debit,True
TXN003075,UPL_025,2024-10-25,951.56,Food,Debit,
TXN003076,UPL_025,2024-10-08,574.12,Food,Debit,
TXN003077,UPL_025,2024-10-01,905.31,Food,Debit,
TXN003078,UPL_025,2024-10-12,10735.54,Transport,Debit,
TXN003079,UPL_025,2024-10-12,5189.72,Discretionary,Debit,
TXN003080,UPL_025,2024-10-04,11436.49,Transport,Debit,
TXN003081,UPL_025,2024-11-02,46735.79,Salary,Credit,
TXN003082,UPL_025,2024-11-03,2697.23,Rent,Debit,True
TXN003083,UPL_025,2024-11-09,8990.76,EMI,Debit,False
TXN003084,UPL_025,2024-11-10,484.38,Utility,Debit,True
TXN003085,UPL_025,2024-11-14,339.77,Utility,Debit,True
TXN003086,UPL_025,2024-11-22,684.99,Food,Debit,
TXN003087,UPL_025,2024-11-15,549.46,Food,Debit,
TXN003088,UPL_025,2024-11-26,1238.02,Food,Debit,
TXN003089,UPL_025,2024-11-04,5294.36,Transport,Debit,
TXN003090,UPL_025,2024-11-09,8611.62,Transport,Debit,
TXN003091,UPL_025,2024-11-01,4697.55,Transport,Debit,
TXN003092,UPL_025,2024-11-16,9225.02,Transport,Debit,
TXN003093,UPL_025,2024-12-02,46735.79,Salary,Credit,
TXN003094,UPL_025,2024-12-05,2623.29,Rent,Debit,False
TXN003095,UPL_025,2024-12-09,8744.31,EMI,Debit,False
TXN003096,UPL_025,2024-12-12,256.47,Utility,Debit,False
TXN003097,UPL_025,2024-12-13,545.09,Utility,Debit,True
TXN003098,UPL_025,2024-12-19,771.84,Food,Debit,
TXN003099,UPL_025,2024-12-02,684.62,Food,Debit,
TXN003100,UPL_025,2024-12-02,948.23,Food,Debit,
TXN003101,UPL_025,2024-12-24,13053.44,Transport,Debit,
TXN003102,UPL_025,2024-12-06,8580.13,Discretionary,Debit,
TXN003103,UPL_025,2024-12-03,5432.15,Transport,Debit,
TXN003104,UPL_025,2025-01-03,46735.79,Salary,Credit,
TXN003105,UPL_025,2025-01-01,2290.58,Rent,Debit,False
TXN003106,UPL_025,2025-01-11,7635.26,EMI,Debit,True
TXN003107,UPL_025,2025-01-13,455.45,Utility,Debit,False
TXN003108,UPL_025,2025-01-12,244.45,Utility,Debit,True
TXN003109,UPL_025,2025-01-03,698.04,Food,Debit,
TXN003110,UPL_025,2025-01-12,654.02,Food,Debit,
TXN003111,UPL_025,2025-01-15,747.63,Food,Debit,
TXN003112,UPL_025,2025-01-01,5366.07,Transport,Debit,
TXN003113,UPL_025,2025-01-04,5527.2,Transport,Debit,
TXN003114,UPL_025,2025-01-20,4591.71,Transport,Debit,
TXN003115,UPL_025,2025-01-17,8147.96,Discretionary,Debit,
TXN003116,UPL_025,2025-02-03,46735.79,Salary,Credit,
TXN003117,UPL_025,2025-02-03,2522.52,Rent,Debit,True
TXN003118,UPL_025,2025-02-10,8408.4,EMI,Debit,True
TXN003119,UPL_025,2025-02-21,357.4,Utility,Debit,True
TXN003120,UPL_025,2025-02-20,413.37,Utility,Debit,True
TXN003121,UPL_025,2025-02-19,957.41,Food,Debit,
TXN003122,UPL_025,2025-02-11,822.27,Food,Debit,
TXN003123,UPL_025,2025-02-15,532.63,Food,Debit,
TXN003124,UPL_025,2025-02-21,10851.44,Discretionary,Debit,
TXN003125,UPL_025,2025-02-23,8310.05,Discretionary,Debit,
TXN003126,UPL_025,2025-02-02,6864.51,Discretionary,Debit,
TXN003127,UPL_025,2025-03-02,46735.79,Salary,Credit,
TXN003128,UPL_025,2025-03-02,2558.05,Rent,Debit,False
TXN003129,UPL_025,2025-03-10,8526.83,EMI,Debit,True
TXN003130,UPL_025,2025-03-17,405.87,Utility,Debit,True
TXN003131,UPL_025,2025-03-09,375.76,Utility,Debit,True
TXN003132,UPL_025,2025-03-21,719.41,Food,Debit,
TXN003133,UPL_025,2025-03-01,971.88,Food,Debit,
TXN003134,UPL_025,2025-03-15,653.58,Food,Debit,
TXN003135,UPL_025,2025-03-23,14099.96,Discretionary,Debit,
TXN003136,UPL_025,2025-03-27,12292.6,Transport,Debit,
TXN003137,UPL_025,2025-04-01,46735.79,Salary,Credit,
TXN003138,UPL_025,2025-04-04,2377.62,Rent,Debit,True
TXN003139,UPL_025,2025-04-11,7925.4,EMI,Debit,False
TXN003140,UPL_025,2025-04-12,418.58,Utility,Debit,True
TXN003141,UPL_025,2025-04-16,307.92,Utility,Debit,True
TXN003142,UPL_025,2025-04-03,684.56,Food,Debit,
TXN003143,UPL_025,2025-04-15,772.1,Food,Debit,
TXN003144,UPL_025,2025-04-22,722.83,Food,Debit,
TXN003145,UPL_025,2025-04-07,6746.51,Transport,Debit,
TXN003146,UPL_025,2025-04-20,6564.64,Transport,Debit,
TXN003147,UPL_025,2025-04-06,7335.86,Transport,Debit,
TXN003148,UPL_025,2025-04-05,3884.0,Transport,Debit,
TXN003149,UPL_025,2025-05-01,46735.79,Salary,Credit,
TXN003150,UPL_025,2025-05-03,2685.46,Rent,Debit,True
TXN003151,UPL_025,2025-05-12,8951.54,EMI,Debit,False
TXN003152,UPL_025,2025-05-15,512.64,Utility,Debit,False
TXN003153,UPL_025,2025-05-18,307.92,Utility,Debit,True
TXN003154,UPL_025,2025-05-17,981.4,Food,Debit,
TXN003155,UPL_025,2025-05-10,853.39,Food,Debit,
TXN003156,UPL_025,2025-05-09,626.89,Food,Debit,
TXN003157,UPL_025,2025-05-07,5980.42,Transport,Debit,
TXN003158,UPL_025,2025-05-22,8195.95,Discretionary,Debit,
TXN003159,UPL_025,2025-05-11,6725.11,Discretionary,Debit,
TXN003160,UPL_025,2025-05-07,6805.67,Transport,Debit,
TXN003161,UPL_025,2025-06-03,46735.79,Salary,Credit,
TXN003162,UPL_025,2025-06-04,1820.2,Rent,Debit,True
TXN003163,UPL_025,2025-06-06,6067.34,EMI,Debit,True
TXN003164,UPL_025,2025-06-16,282.76,Utility,Debit,True
TXN003165,UPL_025,2025-06-21,273.42,Utility,Debit,False
TXN003166,UPL_025,2025-06-19,504.33,Food,Debit,
TXN003167,UPL_025,2025-06-20,349.25,Food,Debit,
TXN003168,UPL_025,2025-06-14,814.94,Food,Debit,
TXN003169,UPL_025,2025-06-09,5061.89,Discretionary,Debit,
TXN003170,UPL_025,2025-06-07,3266.79,Discretionary,Debit,
TXN003171,UPL_025,2025-06-28,6284.57,Transport,Debit,
TXN003172,UPL_025,2025-06-18,4166.61,Discretionary,Debit,
TXN003173,UPL_025,2025-07-02,46735.79,Salary,Credit,
TXN003174,UPL_025,2025-07-04,3041.75,Rent,Debit,False
TXN003175,UPL_025,2025-07-07,10139.16,EMI,Debit,True
TXN003176,UPL_025,2025-07-10,513.91,Utility,Debit,True
TXN003177,UPL_025,2025-07-24,415.51,Utility,Debit,True
TXN003178,UPL_025,2025-07-04,758.63,Food,Debit,
TXN003179,UPL_025,2025-07-11,758.71,Food,Debit,
TXN003180,UPL_025,2025-07-05,1270.93,Food,Debit,
TXN003181,UPL_025,2025-07-21,10355.72,Transport,Debit,
TXN003182,UPL_025,2025-07-11,10858.48,Discretionary,Debit,
TXN003183,UPL_025,2025-07-19,10168.91,Discretionary,Debit,
TXN003184,UPL_025,2025-08-02,46735.79,Salary,Credit,
TXN003185,UPL_025,2025-08-02,1878.32,Rent,Debit,True
TXN003186,UPL_025,2025-08-11,6261.06,EMI,Debit,False
TXN003187,UPL_025,2025-08-11,364.45,Utility,Debit,True
TXN003188,UPL_025,2025-08-16,209.48,Utility,Debit,False
TXN003189,UPL_025,2025-08-03,589.95,Food,Debit,
TXN003190,UPL_025,2025-08-06,656.12,Food,Debit,
TXN003191,UPL_025,2025-08-06,475.72,Food,Debit,
TXN003192,UPL_025,2025-08-18,10234.06,Transport,Debit,
TXN003193,UPL_025,2025-08-23,9145.42,Discretionary,Debit,
TXN003194,UPL_025,2025-09-02,46735.79,Salary,Credit,
TXN003195,UPL_025,2025-09-04,2404.04,Rent,Debit,False
TXN003196,UPL_025,2025-09-12,8013.46,EMI,Debit,False
TXN003197,UPL_025,2025-09-24,518.79,Utility,Debit,True
TXN003198,UPL_025,2025-09-13,215.78,Utility,Debit,False
TXN003199,UPL_025,2025-09-16,720.88,Food,Debit,
TXN003200,UPL_025,2025-09-22,692.37,Food,Debit,
TXN003201,UPL_025,2025-09-25,790.45,Food,Debit,
TXN003202,UPL_025,2025-09-04,8001.6,Discretionary,Debit,
TXN003203,UPL_025,2025-09-11,5143.74,Discretionary,Debit,
TXN003204,UPL_025,2025-09-11,11658.24,Discretionary,Debit,
TXN003205,UPL_026,2024-10-02,41639.67,Salary,Credit,
TXN003206,UPL_026,2024-10-03,5740.02,Rent,Debit,True
TXN003207,UPL_026,2024-10-18,924.13,Utility,Debit,True
TXN003208,UPL_026,2024-10-15,829.76,Utility,Debit,True
TXN003209,UPL_026,2024-10-07,1578.18,Food,Debit,
TXN003210,UPL_026,2024-10-17,2384.8,Food,Debit,
TXN003211,UPL_026,2024-10-11,1298.7,Food,Debit,
TXN003212,UPL_026,2024-10-25,3444.7,Discretionary,Debit,
TXN003213,UPL_026,2024-10-28,2557.94,Discretionary,Debit,
TXN003214,UPL_026,2024-11-03,41639.67,Salary,Credit,
TXN003215,UPL_026,2024-11-05,5859.21,Rent,Debit,True
TXN003216,UPL_026,2024-11-13,652.8,Utility,Debit,True
TXN003217,UPL_026,2024-11-24,1137.52,Utility,Debit,True
TXN003218,UPL_026,2024-11-07,1283.69,Food,Debit,
TXN003219,UPL_026,2024-11-21,2118.85,Food,Debit,
TXN003220,UPL_026,2024-11-16,1968.4,Food,Debit,
TXN003221,UPL_026,2024-11-05,2195.98,Transport,Debit,
TXN003222,UPL_026,2024-11-19,2244.29,Transport,Debit,
TXN003223,UPL_026,2024-11-25,1687.01,Discretionary,Debit,
TXN003224,UPL_026,2024-12-03,41639.67,Salary,Credit,
TXN003225,UPL_026,2024-12-05,5343.87,Rent,Debit,True
TXN003226,UPL_026,2024-12-14,563.66,Utility,Debit,True
TXN003227,UPL_026,2024-12-19,1069.19,Utility,Debit,True
TXN003228,UPL_026,2024-12-24,1746.97,Food,Debit,
TXN003229,UPL_026,2024-12-14,1194.72,Food,Debit,
TXN003230,UPL_026,2024-12-21,1956.86,Food,Debit,
TXN003231,UPL_026,2024-12-21,1541.92,Transport,Debit,
TXN003232,UPL_026,2024-12-25,1424.77,Transport,Debit,
TXN003233,UPL_026,2024-12-05,1607.38,Discretionary,Debit,
TXN003234,UPL_026,2024-12-14,1014.3,Discretionary,Debit,
TXN003235,UPL_026,2025-01-03,41639.67,Salary,Credit,
TXN003236,UPL_026,2025-01-05,5973.81,Rent,Debit,True
TXN003237,UPL_026,2025-01-14,499.4,Utility,Debit,True
TXN003238,UPL_026,2025-01-16,1325.93,Utility,Debit,True
TXN003239,UPL_026,2025-01-11,1951.43,Food,Debit,
TXN003240,UPL_026,2025-01-21,1547.72,Food,Debit,
TXN003241,UPL_026,2025-01-13,1976.84,Food,Debit,
TXN003242,UPL_026,2025-01-06,2906.15,Transport,Debit,
TXN003243,UPL_026,2025-01-18,3340.97,Discretionary,Debit,
TXN003244,UPL_026,2025-02-03,41639.67,Salary,Credit,
TXN003245,UPL_026,2025-02-01,5633.79,Rent,Debit,True
TXN003246,UPL_026,2025-02-08,644.84,Utility,Debit,True
TXN003247,UPL_026,2025-02-11,1076.6,Utility,Debit,True
TXN003248,UPL_026,2025-02-11,1110.62,Food,Debit,
TXN003249,UPL_026,2025-02-02,2227.02,Food,Debit,
TXN003250,UPL_026,2025-02-24,1826.67,Food,Debit,
TXN003251,UPL_026,2025-02-24,1454.11,Discretionary,Debit,
TXN003252,UPL_026,2025-02-11,1402.74,Transport,Debit,
TXN003253,UPL_026,2025-02-14,1485.24,Transport,Debit,
TXN003254,UPL_026,2025-02-08,1549.46,Discretionary,Debit,
TXN003255,UPL_026,2025-03-01,41639.67,Salary,Credit,
TXN003256,UPL_026,2025-03-01,5342.54,Rent,Debit,True
TXN003257,UPL_026,2025-03-23,756.17,Utility,Debit,True
TXN003258,UPL_026,2025-03-19,876.28,Utility,Debit,True
TXN003259,UPL_026,2025-03-13,893.44,Food,Debit,
TXN003260,UPL_026,2025-03-23,2675.52,Food,Debit,
TXN003261,UPL_026,2025-03-28,1328.38,Food,Debit,
TXN003262,UPL_026,2025-03-12,2035.46,Discretionary,Debit,
TXN003263,UPL_026,2025-03-16,1191.18,Discretionary,Debit,
TXN003264,UPL_026,2025-03-10,2360.33,Discretionary,Debit,
TXN003265,UPL_026,2025-04-03,41639.67,Salary,Credit,
TXN003266,UPL_026,2025-04-04,5406.13,Rent,Debit,True
TXN003267,UPL_026,2025-04-08,704.43,Utility,Debit,True
TXN003268,UPL_026,2025-04-20,947.44,Utility,Debit,True
TXN003269,UPL_026,2025-04-06,1613.46,Food,Debit,
TXN003270,UPL_026,2025-04-05,1675.03,Food,Debit,
TXN003271,UPL_026,2025-04-12,1667.13,Food,Debit,
TXN003272,UPL_026,2025-04-05,1265.16,Transport,Debit,
TXN003273,UPL_026,2025-04-01,978.81,Discretionary,Debit,
TXN003274,UPL_026,2025-04-06,1704.46,Transport,Debit,
TXN003275,UPL_026,2025-04-09,1705.04,Discretionary,Debit,
TXN003276,UPL_026,2025-05-02,41639.67,Salary,Credit,
TXN003277,UPL_026,2025-05-03,6176.44,Rent,Debit,True
TXN003278,UPL_026,2025-05-12,1071.27,Utility,Debit,True
TXN003279,UPL_026,2025-05-16,815.98,Utility,Debit,True
TXN003280,UPL_026,2025-05-28,2312.48,Food,Debit,
TXN003281,UPL_026,2025-05-27,1580.53,Food,Debit,
TXN003282,UPL_026,2025-05-10,1768.74,Food,Debit,
TXN003283,UPL_026,2025-05-22,1954.08,Discretionary,Debit,
TXN003284,UPL_026,2025-05-27,1085.75,Discretionary,Debit,
TXN003285,UPL_026,2025-05-15,1962.33,Transport,Debit,
TXN003286,UPL_026,2025-05-04,1456.87,Transport,Debit,
TXN003287,UPL_026,2025-06-03,41639.67,Salary,Credit,
TXN003288,UPL_026,2025-06-05,5648.64,Rent,Debit,True
TXN003289,UPL_026,2025-06-14,866.87,Utility,Debit,True
TXN003290,UPL_026,2025-06-19,859.11,Utility,Debit,True
TXN003291,UPL_026,2025-06-05,2045.2,Food,Debit,
TXN003292,UPL_026,2025-06-09,1951.2,Food,Debit,
TXN003293,UPL_026,2025-06-15,1181.53,Food,Debit,
TXN003294,UPL_026,2025-06-28,2383.84,Transport,Debit,
TXN003295,UPL_026,2025-06-02,3523.23,Discretionary,Debit,
TXN003296,UPL_026,2025-07-01,41639.67,Salary,Credit,
TXN003297,UPL_026,2025-07-05,5603.7,Rent,Debit,True
TXN003298,UPL_026,2025-07-11,671.79,Utility,Debit,True
TXN003299,UPL_026,2025-07-22,1040.45,Utility,Debit,True
TXN003300,UPL_026,2025-07-13,1544.7,Food,Debit,
TXN003301,UPL_026,2025-07-21,1925.93,Food,Debit,
TXN003302,UPL_026,2025-07-14,1666.09,Food,Debit,
TXN003303,UPL_026,2025-07-21,1505.77,Discretionary,Debit,
TXN003304,UPL_026,2025-07-27,1132.85,Transport,Debit,
TXN003305,UPL_026,2025-07-27,1156.56,Discretionary,Debit,
TXN003306,UPL_026,2025-07-23,2064.89,Discretionary,Debit,
TXN003307,UPL_026,2025-08-03,41639.67,Salary,Credit,
TXN003308,UPL_026,2025-08-03,6066.35,Rent,Debit,True
TXN003309,UPL_026,2025-08-08,661.23,Utility,Debit,False
TXN003310,UPL_026,2025-08-10,1192.38,Utility,Debit,True
TXN003311,UPL_026,2025-08-07,1493.38,Food,Debit,
TXN003312,UPL_026,2025-08-20,1802.31,Food,Debit,
TXN003313,UPL_026,2025-08-16,2265.14,Food,Debit,
TXN003314,UPL_026,2025-08-03,937.91,Discretionary,Debit,
TXN003315,UPL_026,2025-08-01,1987.29,Discretionary,Debit,
TXN003316,UPL_026,2025-08-15,1668.87,Discretionary,Debit,
TXN003317,UPL_026,2025-08-15,1749.83,Transport,Debit,
TXN003318,UPL_026,2025-09-01,41639.67,Salary,Credit,
TXN003319,UPL_026,2025-09-04,6038.6,Rent,Debit,True
TXN003320,UPL_026,2025-09-22,542.84,Utility,Debit,True
TXN003321,UPL_026,2025-09-08,1302.28,Utility,Debit,True
TXN003322,UPL_026,2025-09-24,1010.91,Food,Debit,
TXN003323,UPL_026,2025-09-03,2409.2,Food,Debit,
TXN003324,UPL_026,2025-09-28,2115.26,Food,Debit,
TXN003325,UPL_026,2025-09-17,1574.64,Discretionary,Debit,
TXN003326,UPL_026,2025-09-22,2593.86,Transport,Debit,
TXN003327,UPL_026,2025-09-25,2146.37,Transport,Debit,
TXN003328,UPL_027,2024-10-03,46073.22,Salary,Credit,
TXN003329,UPL_027,2024-10-04,2845.09,Rent,Debit,True
TXN003330,UPL_027,2024-10-07,9483.64,EMI,Debit,True
TXN003331,UPL_027,2024-10-11,492.09,Utility,Debit,True
TXN003332,UPL_027,2024-10-12,377.25,Utility,Debit,False
TXN003333,UPL_027,2024-10-05,776.57,Food,Debit,
TXN003334,UPL_027,2024-10-16,884.76,Food,Debit,
TXN003335,UPL_027,2024-10-13,946.68,Food,Debit,
TXN003336,UPL_027,2024-10-05,11182.78,Transport,Debit,
TXN003337,UPL_027,2024-10-25,7372.16,Discretionary,Debit,
TXN003338,UPL_027,2024-11-01,46073.22,Salary,Credit,
TXN003339,UPL_027,2024-11-03,2421.54,Rent,Debit,True
TXN003340,UPL_027,2024-11-05,8071.79,EMI,Debit,False
TXN003341,UPL_027,2024-11-10,364.03,Utility,Debit,False
TXN003342,UPL_027,2024-11-09,375.88,Utility,Debit,True
TXN003343,UPL_027,2024-11-23,641.71,Food,Debit,
TXN003344,UPL_027,2024-11-13,743.87,Food,Debit,
TXN003345,UPL_027,2024-11-21,834.17,Food,Debit,
TXN003346,UPL_027,2024-11-15,6556.62,Transport,Debit,
TXN003347,UPL_027,2024-11-18,2932.01,Discretionary,Debit,
TXN003348,UPL_027,2024-11-18,6304.01,Transport,Debit,
TXN003349,UPL_027,2024-12-01,46073.22,Salary,Credit,
TXN003350,UPL_027,2024-12-03,2194.85,Rent,Debit,False
TXN003351,UPL_027,2024-12-07,7316.18,EMI,Debit,True
TXN003352,UPL_027,2024-12-18,445.22,Utility,Debit,True
TXN003353,UPL_027,2024-12-17,225.43,Utility,Debit,True
TXN003354,UPL_027,2024-12-17,415.48,Food,Debit,
TXN003355,UPL_027,2024-12-12,496.34,Food,Debit,
TXN003356,UPL_027,2024-12-24,1100.13,Food,Debit,
TXN003357,UPL_027,2024-12-15,4960.92,Discretionary,Debit,
TXN003358,UPL_027,2024-12-05,4110.07,Discretionary,Debit,
TXN003359,UPL_027,2024-12-14,5243.27,Discretionary,Debit,
TXN003360,UPL_027,2025-01-02,46073.22,Salary,Credit,
TXN003361,UPL_027,2025-01-02,2546.72,Rent,Debit,True
TXN003362,UPL_027,2025-01-11,8489.07,EMI,Debit,True
TXN003363,UPL_027,2025-01-09,434.47,Utility,Debit,True
TXN003364,UPL_027,2025-01-15,343.69,Utility,Debit,True
TXN003365,UPL_027,2025-01-16,953.57,Food,Debit,
TXN003366,UPL_027,2025-01-17,623.83,Food,Debit,
TXN003367,UPL_027,2025-01-18,757.09,Food,Debit,
TXN003368,UPL_027,2025-01-16,11306.73,Transport,Debit,
TXN003369,UPL_027,2025-01-26,5302.31,Transport,Debit,
TXN003370,UPL_027,2025-02-01,46073.22,Salary,Credit,
TXN003371,UPL_027,2025-02-05,2240.64,Rent,Debit,True
TXN003372,UPL_027,2025-02-08,7468.81,EMI,Debit,True
TXN003373,UPL_027,2025-02-10,342.73,Utility,Debit,True
TXN003374,UPL_027,2025-02-10,341.91,Utility,Debit,True
TXN003375,UPL_027,2025-02-15,752.97,Food,Debit,
TXN003376,UPL_027,2025-02-16,772.36,Food,Debit,
TXN003377,UPL_027,2025-02-11,528.59,Food,Debit,
TXN003378,UPL_027,2025-02-11,3677.74,Transport,Debit,
TXN003379,UPL_027,2025-02-10,3227.62,Discretionary,Debit,
TXN003380,UPL_027,2025-02-05,4944.46,Discretionary,Debit,
TXN003381,UPL_027,2025-02-14,2763.06,Discretionary,Debit,
TXN003382,UPL_027,2025-03-03,46073.22,Salary,Credit,
TXN003383,UPL_027,2025-03-01,2639.53,Rent,Debit,True
TXN003384,UPL_027,2025-03-12,8798.43,EMI,Debit,True
TXN003385,UPL_027,2025-03-15,380.41,Utility,Debit,True
TXN003386,UPL_027,2025-03-08,426.11,Utility,Debit,True
TXN003387,UPL_027,2025-03-25,567.11,Food,Debit,
TXN003388,UPL_027,2025-03-21,1067.43,Food,Debit,
TXN003389,UPL_027,2025-03-05,785.02,Food,Debit,
TXN003390,UPL_027,2025-03-19,9204.72,Transport,Debit,
TXN003391,UPL_027,2025-03-23,8009.6,Transport,Debit,
TXN003392,UPL_027,2025-04-02,46073.22,Salary,Credit,
TXN003393,UPL_027,2025-04-02,2588.88,Rent,Debit,True
TXN003394,UPL_027,2025-04-07,8629.59,EMI,Debit,True
TXN003395,UPL_027,2025-04-11,444.33,Utility,Debit,True
TXN003396,UPL_027,2025-04-18,346.71,Utility,Debit,True
TXN003397,UPL_027,2025-04-18,763.52,Food,Debit,
TXN003398,UPL_027,2025-04-21,767.33,Food,Debit,
TXN003399,UPL_027,2025-04-08,842.29,Food,Debit,
TXN003400,UPL_027,2025-04-04,9499.22,Transport,Debit,
TXN003401,UPL_027,2025-04-01,7384.76,Transport,Debit,
TXN003402,UPL_027,2025-05-02,46073.22,Salary,Credit,
TXN003403,UPL_027,2025-05-04,2582.63,Rent,Debit,True
TXN003404,UPL_027,2025-05-11,8608.76,EMI,Debit,True
TXN003405,UPL_027,2025-05-12,407.86,Utility,Debit,True
TXN003406,UPL_027,2025-05-17,381.28,Utility,Debit,True
TXN003407,UPL_027,2025-05-01,867.71,Food,Debit,
TXN003408,UPL_027,2025-05-28,772.02,Food,Debit,
TXN003409,UPL_027,2025-05-23,727.67,Food,Debit,
TXN003410,UPL_027,2025-05-08,9878.29,Discretionary,Debit,
TXN003411,UPL_027,2025-05-06,6964.93,Transport,Debit,
TXN003412,UPL_027,2025-06-01,46073.22,Salary,Credit,
TXN003413,UPL_027,2025-06-02,2118.0,Rent,Debit,True
TXN003414,UPL_027,2025-06-11,7059.99,EMI,Debit,True
TXN003415,UPL_027,2025-06-18,313.73,Utility,Debit,True
TXN003416,UPL_027,2025-06-23,333.43,Utility,Debit,False
TXN003417,UPL_027,2025-06-26,634.15,Food,Debit,
TXN003418,UPL_027,2025-06-01,596.21,Food,Debit,
TXN003419,UPL_027,2025-06-27,711.13,Food,Debit,
TXN003420,UPL_027,2025-06-16,2587.05,Discretionary,Debit,
TXN003421,UPL_027,2025-06-20,2471.23,Transport,Debit,
TXN003422,UPL_027,2025-06-15,3633.79,Transport,Debit,
TXN003423,UPL_027,2025-06-12,5120.95,Transport,Debit,
TXN003424,UPL_027,2025-07-03,46073.22,Salary,Credit,
TXN003425,UPL_027,2025-07-03,2521.04,Rent,Debit,True
TXN003426,UPL_027,2025-07-07,8403.47,EMI,Debit,True
TXN003427,UPL_027,2025-07-22,346.72,Utility,Debit,True
TXN003428,UPL_027,2025-07-12,423.6,Utility,Debit,True
TXN003429,UPL_027,2025-07-13,394.91,Food,Debit,
TXN003430,UPL_027,2025-07-01,800.21,Food,Debit,
TXN003431,UPL_027,2025-07-27,1115.84,Food,Debit,
TXN003432,UPL_027,2025-07-04,5827.39,Transport,Debit,
TXN003433,UPL_027,2025-07-17,5141.67,Discretionary,Debit,
TXN003434,UPL_027,2025-07-20,5472.52,Transport,Debit,
TXN003435,UPL_027,2025-08-01,46073.22,Salary,Credit,
TXN003436,UPL_027,2025-08-02,2686.53,Rent,Debit,True
TXN003437,UPL_027,2025-08-05,8955.09,EMI,Debit,True
TXN003438,UPL_027,2025-08-24,386.98,Utility,Debit,True
TXN003439,UPL_027,2025-08-09,433.9,Utility,Debit,True
TXN003440,UPL_027,2025-08-19,1019.26,Food,Debit,
TXN003441,UPL_027,2025-08-10,787.98,Food,Debit,
TXN003442,UPL_027,2025-08-20,655.41,Food,Debit,
TXN003443,UPL_027,2025-08-18,3159.64,Discretionary,Debit,
TXN003444,UPL_027,2025-08-20,4287.22,Transport,Debit,
TXN003445,UPL_027,2025-08-12,3819.8,Transport,Debit,
TXN003446,UPL_027,2025-08-25,6254.17,Discretionary,Debit,
TXN003447,UPL_027,2025-09-02,46073.22,Salary,Credit,
TXN003448,UPL_027,2025-09-02,2667.41,Rent,Debit,True
TXN003449,UPL_027,2025-09-05,8891.36,EMI,Debit,True
TXN003450,UPL_027,2025-09-18,392.19,Utility,Debit,True
TXN003451,UPL_027,2025-09-13,422.86,Utility,Debit,True
TXN003452,UPL_027,2025-09-20,689.69,Food,Debit,
TXN003453,UPL_027,2025-09-21,1203.24,Food,Debit,
TXN003454,UPL_027,2025-09-01,552.19,Food,Debit,
TXN003455,UPL_027,2025-09-28,6526.51,Transport,Debit,
TXN003456,UPL_027,2025-09-11,10869.63,Discretionary,Debit,
TXN003457,UPL_028,2024-10-03,39128.44,Salary,Credit,
TXN003458,UPL_028,2024-10-04,2064.98,Rent,Debit,True
TXN003459,UPL_028,2024-10-09,6883.27,EMI,Debit,False
TXN003460,UPL_028,2024-10-22,340.87,Utility,Debit,True
TXN003461,UPL_028,2024-10-13,290.1,Utility,Debit,True
TXN003462,UPL_028,2024-10-05,716.34,Food,Debit,
TXN003463,UPL_028,2024-10-14,668.72,Food,Debit,
TXN003464,UPL_028,2024-10-24,507.84,Food,Debit,
TXN003465,UPL_028,2024-10-11,6574.88,Discretionary,Debit,
TXN003466,UPL_028,2024-10-14,4897.24,Transport,Debit,
TXN003467,UPL_028,2024-11-02,39128.44,Salary,Credit,
TXN003468,UPL_028,2024-11-03,1928.01,Rent,Debit,True
TXN003469,UPL_028,2024-11-11,6426.69,EMI,Debit,True
TXN003470,UPL_028,2024-11-11,405.46,Utility,Debit,True
TXN003471,UPL_028,2024-11-22,183.66,Utility,Debit,True
TXN003472,UPL_028,2024-11-20,673.1,Food,Debit,
TXN003473,UPL_028,2024-11-27,713.56,Food,Debit,
TXN003474,UPL_028,2024-11-08,380.68,Food,Debit,
TXN003475,UPL_028,2024-11-20,4103.35,Discretionary,Debit,
TXN003476,UPL_028,2024-11-18,6607.8,Transport,Debit,
TXN003477,UPL_028,2024-12-01,39128.44,Salary,Credit,
TXN003478,UPL_028,2024-12-04,1847.84,Rent,Debit,True
TXN003479,UPL_028,2024-12-08,6159.45,EMI,Debit,True
TXN003480,UPL_028,2024-12-14,281.05,Utility,Debit,False
TXN003481,UPL_028,2024-12-10,283.57,Utility,Debit,True
TXN003482,UPL_028,2024-12-14,527.55,Food,Debit,
TXN003483,UPL_028,2024-12-18,583.13,Food,Debit,
TXN003484,UPL_028,2024-12-19,583.17,Food,Debit,
TXN003485,UPL_028,2024-12-19,3415.11,Transport,Debit,
TXN003486,UPL_028,2024-12-25,2332.04,Discretionary,Debit,
TXN003487,UPL_028,2024-12-23,4518.61,Transport,Debit,
TXN003488,UPL_028,2025-01-02,39128.44,Salary,Credit,
TXN003489,UPL_028,2025-01-02,2319.25,Rent,Debit,True
TXN003490,UPL_028,2025-01-12,7730.82,EMI,Debit,True
TXN003491,UPL_028,2025-01-21,346.31,Utility,Debit,True
TXN003492,UPL_028,2025-01-22,362.35,Utility,Debit,True
TXN003493,UPL_028,2025-01-05,918.16,Food,Debit,
TXN003494,UPL_028,2025-01-21,712.94,Food,Debit,
TXN003495,UPL_028,2025-01-15,494.87,Food,Debit,
TXN003496,UPL_028,2025-01-27,4169.6,Transport,Debit,
TXN003497,UPL_028,2025-01-22,6206.83,Transport,Debit,
TXN003498,UPL_028,2025-01-01,2508.26,Discretionary,Debit,
TXN003499,UPL_028,2025-02-02,39128.44,Salary,Credit,
TXN003500,UPL_028,2025-02-01,2370.33,Rent,Debit,True
TXN003501,UPL_028,2025-02-07,7901.09,EMI,Debit,True
TXN003502,UPL_028,2025-02-13,418.41,Utility,Debit,True
TXN003503,UPL_028,2025-02-13,305.86,Utility,Debit,True
TXN003504,UPL_028,2025-02-17,563.26,Food,Debit,
TXN003505,UPL_028,2025-02-23,1004.22,Food,Debit,
TXN003506,UPL_028,2025-02-03,605.31,Food,Debit,
TXN003507,UPL_028,2025-02-19,2922.09,Discretionary,Debit,
TXN003508,UPL_028,2025-02-25,4137.08,Transport,Debit,
TXN003509,UPL_028,2025-02-05,2351.92,Discretionary,Debit,
TXN003510,UPL_028,2025-02-28,3757.39,Transport,Debit,
TXN003511,UPL_028,2025-03-02,39128.44,Salary,Credit,
TXN003512,UPL_028,2025-03-02,2090.22,Rent,Debit,True
TXN003513,UPL_028,2025-03-10,6967.4,EMI,Debit,True
TXN003514,UPL_028,2025-03-20,408.22,Utility,Debit,True
TXN003515,UPL_028,2025-03-08,230.46,Utility,Debit,True
TXN003516,UPL_028,2025-03-11,551.58,Food,Debit,
TXN003517,UPL_028,2025-03-18,559.06,Food,Debit,
TXN003518,UPL_028,2025-03-11,805.39,Food,Debit,
TXN003519,UPL_028,2025-03-19,1823.61,Discretionary,Debit,
TXN003520,UPL_028,2025-03-06,5338.42,Transport,Debit,
TXN003521,UPL_028,2025-03-14,4450.31,Discretionary,Debit,
TXN003522,UPL_028,2025-04-02,39128.44,Salary,Credit,
TXN003523,UPL_028,2025-04-05,1899.76,Rent,Debit,False
TXN003524,UPL_028,2025-04-07,6332.53,EMI,Debit,True
TXN003525,UPL_028,2025-04-23,319.83,Utility,Debit,True
TXN003526,UPL_028,2025-04-11,260.65,Utility,Debit,True
TXN003527,UPL_028,2025-04-21,573.37,Food,Debit,
TXN003528,UPL_028,2025-04-03,727.55,Food,Debit,
TXN003529,UPL_028,2025-04-12,440.53,Food,Debit,
TXN003530,UPL_028,2025-04-26,4208.93,Transport,Debit,
TXN003531,UPL_028,2025-04-11,1893.49,Transport,Debit,
TXN003532,UPL_028,2025-04-04,2299.25,Transport,Debit,
TXN003533,UPL_028,2025-04-18,2152.55,Transport,Debit,
TXN003534,UPL_028,2025-05-02,39128.44,Salary,Credit,
TXN003535,UPL_028,2025-05-01,2200.09,Rent,Debit,True
TXN003536,UPL_028,2025-05-09,7333.62,EMI,Debit,False
TXN003537,UPL_028,2025-05-21,309.19,Utility,Debit,False
TXN003538,UPL_028,2025-05-22,363.05,Utility,Debit,False
TXN003539,UPL_028,2025-05-13,1024.15,Food,Debit,
TXN003540,UPL_028,2025-05-05,361.22,Food,Debit,
TXN003541,UPL_028,2025-05-09,631.37,Food,Debit,
TXN003542,UPL_028,2025-05-21,8863.51,Discretionary,Debit,
TXN003543,UPL_028,2025-05-19,3359.19,Discretionary,Debit,
TXN003544,UPL_028,2025-06-01,39128.44,Salary,Credit,
TXN003545,UPL_028,2025-06-03,2170.43,Rent,Debit,True
TXN003546,UPL_028,2025-06-07,7234.78,EMI,Debit,True
TXN003547,UPL_028,2025-06-18,342.58,Utility,Debit,True
TXN003548,UPL_028,2025-06-24,320.61,Utility,Debit,False
TXN003549,UPL_028,2025-06-05,415.47,Food,Debit,
TXN003550,UPL_028,2025-06-13,753.44,Food,Debit,
TXN003551,UPL_028,2025-06-18,820.66,Food,Debit,
TXN003552,UPL_028,2025-06-12,3903.97,Transport,Debit,
TXN003553,UPL_028,2025-06-14,8153.99,Transport,Debit,
TXN003554,UPL_028,2025-07-01,39128.44,Salary,Credit,
TXN003555,UPL_028,2025-07-02,1959.64,Rent,Debit,True
TXN003556,UPL_028,2025-07-09,6532.14,EMI,Debit,True
TXN003557,UPL_028,2025-07-13,314.62,Utility,Debit,True
TXN003558,UPL_028,2025-07-14,284.16,Utility,Debit,True
TXN003559,UPL_028,2025-07-15,708.33,Food,Debit,
TXN003560,UPL_028,2025-07-03,471.99,Food,Debit,
TXN003561,UPL_028,2025-07-22,616.01,Food,Debit,
TXN003562,UPL_028,2025-07-06,5324.16,Transport,Debit,
TXN003563,UPL_028,2025-07-07,5562.73,Transport,Debit,
TXN003564,UPL_028,2025-08-02,39128.44,Salary,Credit,
TXN003565,UPL_028,2025-08-01,1841.16,Rent,Debit,True
TXN003566,UPL_028,2025-08-09,6137.19,EMI,Debit,True
TXN003567,UPL_028,2025-08-18,209.9,Utility,Debit,True
TXN003568,UPL_028,2025-08-10,352.68,Utility,Debit,False
TXN003569,UPL_028,2025-08-18,585.06,Food,Debit,
TXN003570,UPL_028,2025-08-02,612.63,Food,Debit,
TXN003571,UPL_028,2025-08-14,490.04,Food,Debit,
TXN003572,UPL_028,2025-08-27,2533.8,Transport,Debit,
TXN003573,UPL_028,2025-08-15,3112.65,Transport,Debit,
TXN003574,UPL_028,2025-08-10,2736.89,Transport,Debit,
TXN003575,UPL_028,2025-08-08,1845.32,Transport,Debit,
TXN003576,UPL_028,2025-09-01,39128.44,Salary,Credit,
TXN003577,UPL_028,2025-09-02,2149.19,Rent,Debit,True
TXN003578,UPL_028,2025-09-11,7163.96,EMI,Debit,True
TXN003579,UPL_028,2025-09-11,386.3,Utility,Debit,True
TXN003580,UPL_028,2025-09-09,270.4,Utility,Debit,True
TXN003581,UPL_028,2025-09-17,783.47,Food,Debit,
TXN003582,UPL_028,2025-09-16,549.54,Food,Debit,
TXN003583,UPL_028,2025-09-02,637.08,Food,Debit,
TXN003584,UPL_028,2025-09-22,4318.43,Transport,Debit,
TXN003585,UPL_028,2025-09-24,2284.13,Discretionary,Debit,
TXN003586,UPL_028,2025-09-26,2635.58,Transport,Debit,
TXN003587,UPL_028,2025-09-16,2701.78,Discretionary,Debit,
TXN003588,UPL_029,2024-10-01,47589.08,Salary,Credit,
TXN003589,UPL_029,2024-10-05,2901.1,Rent,Debit,True
TXN003590,UPL_029,2024-10-12,9670.32,EMI,Debit,True
TXN003591,UPL_029,2024-10-24,436.51,Utility,Debit,True
TXN003592,UPL_029,2024-10-16,449.93,Utility,Debit,True
TXN003593,UPL_029,2024-10-18,841.44,Food,Debit,
TXN003594,UPL_029,2024-10-17,862.43,Food,Debit,
TXN003595,UPL_029,2024-10-02,955.47,Food,Debit,
TXN003596,UPL_029,2024-10-03,4473.34,Transport,Debit,
TXN003597,UPL_029,2024-10-04,8190.18,Transport,Debit,
TXN003598,UPL_029,2024-11-01,47589.08,Salary,Credit,
TXN003599,UPL_029,2024-11-03,2433.45,Rent,Debit,True
TXN003600,UPL_029,2024-11-09,8111.5,EMI,Debit,True
TXN003601,UPL_029,2024-11-19,427.07,Utility,Debit,True
TXN003602,UPL_029,2024-11-12,316.48,Utility,Debit,True
TXN003603,UPL_029,2024-11-06,605.31,Food,Debit,
TXN003604,UPL_029,2024-11-09,777.64,Food,Debit,
TXN003605,UPL_029,2024-11-09,847.72,Food,Debit,
TXN003606,UPL_029,2024-11-24,4783.18,Transport,Debit,
TXN003607,UPL_029,2024-11-25,5839.03,Discretionary,Debit,
TXN003608,UPL_029,2024-12-01,47589.08,Salary,Credit,
TXN003609,UPL_029,2024-12-05,2754.49,Rent,Debit,True
TXN003610,UPL_029,2024-12-12,9181.63,EMI,Debit,True
TXN003611,UPL_029,2024-12-18,330.29,Utility,Debit,True
TXN003612,UPL_029,2024-12-21,511.36,Utility,Debit,True
TXN003613,UPL_029,2024-12-13,709.96,Food,Debit,
TXN003614,UPL_029,2024-12-08,820.13,Food,Debit,
TXN003615,UPL_029,2024-12-02,994.86,Food,Debit,
TXN003616,UPL_029,2024-12-05,2169.84,Transport,Debit,
TXN003617,UPL_029,2024-12-09,1888.5,Transport,Debit,
TXN003618,UPL_029,2024-12-28,4547.93,Transport,Debit,
TXN003619,UPL_029,2024-12-13,3417.3,Transport,Debit,
TXN003620,UPL_029,2025-01-01,47589.08,Salary,Credit,
TXN003621,UPL_029,2025-01-01,2549.76,Rent,Debit,True
TXN003622,UPL_029,2025-01-12,8499.19,EMI,Debit,True
TXN003623,UPL_029,2025-01-10,489.54,Utility,Debit,True
TXN003624,UPL_029,2025-01-24,289.55,Utility,Debit,False
TXN003625,UPL_029,2025-01-02,528.69,Food,Debit,
TXN003626,UPL_029,2025-01-04,908.07,Food,Debit,
TXN003627,UPL_029,2025-01-11,900.51,Food,Debit,
TXN003628,UPL_029,2025-01-17,3101.3,Discretionary,Debit,
TXN003629,UPL_029,2025-01-15,2909.51,Discretionary,Debit,
TXN003630,UPL_029,2025-01-28,3337.05,Discretionary,Debit,
TXN003631,UPL_029,2025-01-09,1782.03,Discretionary,Debit,
TXN003632,UPL_029,2025-02-03,47589.08,Salary,Credit,
TXN003633,UPL_029,2025-02-04,2802.69,Rent,Debit,True
TXN003634,UPL_029,2025-02-05,9342.31,EMI,Debit,True
TXN003635,UPL_029,2025-02-18,573.48,Utility,Debit,True
TXN003636,UPL_029,2025-02-09,282.9,Utility,Debit,True
TXN003637,UPL_029,2025-02-24,559.83,Food,Debit,
TXN003638,UPL_029,2025-02-28,907.22,Food,Debit,
TXN003639,UPL_029,2025-02-14,1102.09,Food,Debit,
TXN003640,UPL_029,2025-02-06,6100.71,Transport,Debit,
TXN003641,UPL_029,2025-02-21,6133.27,Transport,Debit,
TXN003642,UPL_029,2025-03-03,47589.08,Salary,Credit,
TXN003643,UPL_029,2025-03-01,2589.41,Rent,Debit,True
TXN003644,UPL_029,2025-03-08,8631.36,EMI,Debit,False
TXN003645,UPL_029,2025-03-16,430.54,Utility,Debit,True
TXN003646,UPL_029,2025-03-14,360.66,Utility,Debit,True
TXN003647,UPL_029,2025-03-17,968.66,Food,Debit,
TXN003648,UPL_029,2025-03-12,624.12,Food,Debit,
TXN003649,UPL_029,2025-03-12,780.85,Food,Debit,
TXN003650,UPL_029,2025-03-06,1615.69,Transport,Debit,
TXN003651,UPL_029,2025-03-23,1994.34,Transport,Debit,
TXN003652,UPL_029,2025-03-09,3817.1,Discretionary,Debit,
TXN003653,UPL_029,2025-03-13,3875.85,Discretionary,Debit,
TXN003654,UPL_029,2025-04-03,47589.08,Salary,Credit,
TXN003655,UPL_029,2025-04-05,2728.12,Rent,Debit,True
TXN003656,UPL_029,2025-04-11,9093.74,EMI,Debit,True
TXN003657,UPL_029,2025-04-20,456.77,Utility,Debit,True
TXN003658,UPL_029,2025-04-18,376.83,Utility,Debit,True
TXN003659,UPL_029,2025-04-25,604.86,Food,Debit,
TXN003660,UPL_029,2025-04-23,1154.67,Food,Debit,
TXN003661,UPL_029,2025-04-24,741.25,Food,Debit,
TXN003662,UPL_029,2025-04-15,4322.22,Transport,Debit,
TXN003663,UPL_029,2025-04-10,4530.8,Discretionary,Debit,
TXN003664,UPL_029,2025-04-22,3055.44,Discretionary,Debit,
TXN003665,UPL_029,2025-05-02,47589.08,Salary,Credit,
TXN003666,UPL_029,2025-05-02,2702.45,Rent,Debit,True
TXN003667,UPL_029,2025-05-05,9008.15,EMI,Debit,True
TXN003668,UPL_029,2025-05-23,223.99,Utility,Debit,True
TXN003669,UPL_029,2025-05-19,601.76,Utility,Debit,True
TXN003670,UPL_029,2025-05-21,1018.95,Food,Debit,
TXN003671,UPL_029,2025-05-09,763.26,Food,Debit,
TXN003672,UPL_029,2025-05-16,695.03,Food,Debit,
TXN003673,UPL_029,2025-05-08,6105.65,Discretionary,Debit,
TXN003674,UPL_029,2025-05-16,5690.74,Discretionary,Debit,
TXN003675,UPL_029,2025-06-03,47589.08,Salary,Credit,
TXN003676,UPL_029,2025-06-03,2563.19,Rent,Debit,True
TXN003677,UPL_029,2025-06-12,8543.97,EMI,Debit,True
TXN003678,UPL_029,2025-06-08,349.9,Utility,Debit,True
TXN003679,UPL_029,2025-06-14,433.3,Utility,Debit,True
TXN003680,UPL_029,2025-06-18,684.82,Food,Debit,
TXN003681,UPL_029,2025-06-09,742.87,Food,Debit,
TXN003682,UPL_029,2025-06-17,921.9,Food,Debit,
TXN003683,UPL_029,2025-06-15,2530.69,Discretionary,Debit,
TXN003684,UPL_029,2025-06-24,2039.64,Discretionary,Debit,
TXN003685,UPL_029,2025-06-07,2523.4,Discretionary,Debit,
TXN003686,UPL_029,2025-06-23,4094.81,Transport,Debit,
TXN003687,UPL_029,2025-07-02,47589.08,Salary,Credit,
TXN003688,UPL_029,2025-07-04,2592.46,Rent,Debit,True
TXN003689,UPL_029,2025-07-07,8641.55,EMI,Debit,True
TXN003690,UPL_029,2025-07-08,344.64,Utility,Debit,False
TXN003691,UPL_029,2025-07-24,447.5,Utility,Debit,True
TXN003692,UPL_029,2025-07-09,1021.2,Food,Debit,
TXN003693,UPL_029,2025-07-04,803.35,Food,Debit,
TXN003694,UPL_029,2025-07-13,551.87,Food,Debit,
TXN003695,UPL_029,2025-07-04,3110.22,Transport,Debit,
TXN003696,UPL_029,2025-07-03,1771.83,Discretionary,Debit,
TXN003697,UPL_029,2025-07-18,3053.0,Transport,Debit,
TXN003698,UPL_029,2025-07-02,3381.26,Discretionary,Debit,
TXN003699,UPL_029,2025-08-01,47589.08,Salary,Credit,
TXN003700,UPL_029,2025-08-05,2758.01,Rent,Debit,True
TXN003701,UPL_029,2025-08-12,9193.36,EMI,Debit,True
TXN003702,UPL_029,2025-08-12,455.3,Utility,Debit,True
TXN003703,UPL_029,2025-08-10,387.42,Utility,Debit,True
TXN003704,UPL_029,2025-08-03,999.92,Food,Debit,
TXN003705,UPL_029,2025-08-26,833.3,Food,Debit,
TXN003706,UPL_029,2025-08-18,694.95,Food,Debit,
TXN003707,UPL_029,2025-08-23,3392.33,Discretionary,Debit,
TXN003708,UPL_029,2025-08-21,3574.82,Transport,Debit,
TXN003709,UPL_029,2025-08-14,2630.49,Discretionary,Debit,
TXN003710,UPL_029,2025-08-04,2441.27,Transport,Debit,
TXN003711,UPL_029,2025-09-02,47589.08,Salary,Credit,
TXN003712,UPL_029,2025-09-05,2370.58,Rent,Debit,True
TXN003713,UPL_029,2025-09-06,7901.95,EMI,Debit,True
TXN003714,UPL_029,2025-09-13,329.32,Utility,Debit,True
TXN003715,UPL_029,2025-09-24,395.02,Utility,Debit,True
TXN003716,UPL_029,2025-09-12,871.01,Food,Debit,
TXN003717,UPL_029,2025-09-27,882.9,Food,Debit,
TXN003718,UPL_029,2025-09-05,419.13,Food,Debit,
TXN003719,UPL_029,2025-09-12,2212.82,Discretionary,Debit,
TXN003720,UPL_029,2025-09-05,1280.91,Transport,Debit,
TXN003721,UPL_029,2025-09-01,3327.1,Transport,Debit,
TXN003722,UPL_029,2025-09-01,3526.96,Discretionary,Debit,
TXN003723,UPL_030,2024-10-01,56587.02,Salary,Credit,
TXN003724,UPL_030,2024-10-01,2225.96,Rent,Debit,True
TXN003725,UPL_030,2024-10-11,5658.7,EMI,Debit,True
TXN003726,UPL_030,2024-10-12,358.26,Utility,Debit,True
TXN003727,UPL_030,2024-10-17,321.9,Utility,Debit,True
TXN003728,UPL_030,2024-10-25,511.3,Food,Debit,
TXN003729,UPL_030,2024-10-13,683.15,Food,Debit,
TXN003730,UPL_030,2024-10-16,846.02,Food,Debit,
TXN003731,UPL_030,2024-10-12,980.61,Discretionary,Debit,
TXN003732,UPL_030,2024-10-12,868.71,Transport,Debit,
TXN003733,UPL_030,2024-10-23,810.52,Discretionary,Debit,
TXN003734,UPL_030,2024-10-06,1066.33,Transport,Debit,
TXN003735,UPL_030,2024-11-01,56587.02,Salary,Credit,
TXN003736,UPL_030,2024-11-02,2252.17,Rent,Debit,True
TXN003737,UPL_030,2024-11-08,5658.7,EMI,Debit,True
TXN003738,UPL_030,2024-11-17,367.52,Utility,Debit,True
TXN003739,UPL_030,2024-11-12,320.64,Utility,Debit,True
TXN003740,UPL_030,2024-11-14,817.17,Food,Debit,
TXN003741,UPL_030,2024-11-02,427.56,Food,Debit,
TXN003742,UPL_030,2024-11-05,819.75,Food,Debit,
TXN003743,UPL_030,2024-11-09,808.65,Discretionary,Debit,
TXN003744,UPL_030,2024-11-23,988.64,Transport,Debit,
TXN003745,UPL_030,2024-11-12,1949.35,Discretionary,Debit,
TXN003746,UPL_030,2024-12-02,56587.02,Salary,Credit,
TXN003747,UPL_030,2024-12-03,2196.95,Rent,Debit,True
TXN003748,UPL_030,2024-12-09,5658.7,EMI,Debit,True
TXN003749,UPL_030,2024-12-13,443.67,Utility,Debit,True
TXN003750,UPL_030,2024-12-22,227.62,Utility,Debit,True
TXN003751,UPL_030,2024-12-16,744.39,Food,Debit,
TXN003752,UPL_030,2024-12-05,386.68,Food,Debit,
TXN003753,UPL_030,2024-12-03,882.79,Food,Debit,
TXN003754,UPL_030,2024-12-27,1222.3,Discretionary,Debit,
TXN003755,UPL_030,2024-12-23,667.61,Discretionary,Debit,
TXN003756,UPL_030,2024-12-28,1031.03,Discretionary,Debit,
TXN003757,UPL_030,2024-12-06,782.58,Discretionary,Debit,
TXN003758,UPL_030,2025-01-03,56587.02,Salary,Credit,
TXN003759,UPL_030,2025-01-02,2284.82,Rent,Debit,True
TXN003760,UPL_030,2025-01-12,5658.7,EMI,Debit,True
TXN003761,UPL_030,2025-01-24,485.47,Utility,Debit,True
TXN003762,UPL_030,2025-01-23,212.67,Utility,Debit,True
TXN003763,UPL_030,2025-01-28,589.77,Food,Debit,
TXN003764,UPL_030,2025-01-05,698.85,Food,Debit,
TXN003765,UPL_030,2025-01-09,805.79,Food,Debit,
TXN003766,UPL_030,2025-01-14,1092.65,Discretionary,Debit,
TXN003767,UPL_030,2025-01-10,547.32,Discretionary,Debit,
TXN003768,UPL_030,2025-01-05,1238.19,Discretionary,Debit,
TXN003769,UPL_030,2025-01-07,893.97,Discretionary,Debit,
TXN003770,UPL_030,2025-02-01,56587.02,Salary,Credit,
TXN003771,UPL_030,2025-02-04,2382.68,Rent,Debit,True
TXN003772,UPL_030,2025-02-06,5658.7,EMI,Debit,True
TXN003773,UPL_030,2025-02-13,355.94,Utility,Debit,True
TXN003774,UPL_030,2025-02-24,372.1,Utility,Debit,True
TXN003775,UPL_030,2025-02-28,419.87,Food,Debit,
TXN003776,UPL_030,2025-02-26,864.19,Food,Debit,
TXN003777,UPL_030,2025-02-12,900.06,Food,Debit,
TXN003778,UPL_030,2025-02-08,1084.59,Discretionary,Debit,
TXN003779,UPL_030,2025-02-12,1307.68,Transport,Debit,
TXN003780,UPL_030,2025-02-01,1456.26,Transport,Debit,
TXN003781,UPL_030,2025-03-02,56587.02,Salary,Credit,
TXN003782,UPL_030,2025-03-04,2289.31,Rent,Debit,True
TXN003783,UPL_030,2025-03-10,5658.7,EMI,Debit,True
TXN003784,UPL_030,2025-03-10,192.09,Utility,Debit,True
TXN003785,UPL_030,2025-03-19,507.42,Utility,Debit,False
TXN003786,UPL_030,2025-03-05,643.89,Food,Debit,
TXN003787,UPL_030,2025-03-06,705.46,Food,Debit,
TXN003788,UPL_030,2025-03-13,749.19,Food,Debit,
TXN003789,UPL_030,2025-03-05,1406.82,Discretionary,Debit,
TXN003790,UPL_030,2025-03-26,845.74,Discretionary,Debit,
TXN003791,UPL_030,2025-03-13,741.71,Transport,Debit,
TXN003792,UPL_030,2025-03-13,781.37,Discretionary,Debit,
TXN003793,UPL_030,2025-04-03,56587.02,Salary,Credit,
TXN003794,UPL_030,2025-04-02,2532.08,Rent,Debit,True
TXN003795,UPL_030,2025-04-12,5658.7,EMI,Debit,True
TXN003796,UPL_030,2025-04-11,405.11,Utility,Debit,True
TXN003797,UPL_030,2025-04-14,368.58,Utility,Debit,True
TXN003798,UPL_030,2025-04-10,1072.28,Food,Debit,
TXN003799,UPL_030,2025-04-23,387.47,Food,Debit,
TXN003800,UPL_030,2025-04-14,861.32,Food,Debit,
TXN003801,UPL_030,2025-04-17,1393.75,Discretionary,Debit,
TXN003802,UPL_030,2025-04-28,1114.29,Transport,Debit,
TXN003803,UPL_030,2025-04-12,1457.15,Transport,Debit,
TXN003804,UPL_030,2025-05-02,56587.02,Salary,Credit,
TXN003805,UPL_030,2025-05-02,2511.37,Rent,Debit,True
TXN003806,UPL_030,2025-05-06,5658.7,EMI,Debit,True
TXN003807,UPL_030,2025-05-10,403.86,Utility,Debit,True
TXN003808,UPL_030,2025-05-20,363.5,Utility,Debit,True
TXN003809,UPL_030,2025-05-04,659.69,Food,Debit,
TXN003810,UPL_030,2025-05-21,665.66,Food,Debit,
TXN003811,UPL_030,2025-05-05,976.74,Food,Debit,
TXN003812,UPL_030,2025-05-27,563.91,Discretionary,Debit,
TXN003813,UPL_030,2025-05-18,1270.87,Transport,Debit,
TXN003814,UPL_030,2025-05-21,925.77,Transport,Debit,
TXN003815,UPL_030,2025-05-27,1188.47,Discretionary,Debit,
TXN003816,UPL_030,2025-06-02,56587.02,Salary,Credit,
TXN003817,UPL_030,2025-06-03,2236.55,Rent,Debit,True
TXN003818,UPL_030,2025-06-11,5658.7,EMI,Debit,True
TXN003819,UPL_030,2025-06-19,387.39,Utility,Debit,True
TXN003820,UPL_030,2025-06-23,296.0,Utility,Debit,True
TXN003821,UPL_030,2025-06-09,850.16,Food,Debit,
TXN003822,UPL_030,2025-06-02,641.84,Food,Debit,
TXN003823,UPL_030,2025-06-25,558.17,Food,Debit,
TXN003824,UPL_030,2025-06-07,1242.64,Discretionary,Debit,
TXN003825,UPL_030,2025-06-09,1438.82,Transport,Debit,
TXN003826,UPL_030,2025-06-13,1052.99,Transport,Debit,
TXN003827,UPL_030,2025-07-03,56587.02,Salary,Credit,
TXN003828,UPL_030,2025-07-01,2208.86,Rent,Debit,True
TXN003829,UPL_030,2025-07-06,5658.7,EMI,Debit,True
TXN003830,UPL_030,2025-07-20,249.49,Utility,Debit,True
TXN003831,UPL_030,2025-07-17,425.44,Utility,Debit,True
TXN003832,UPL_030,2025-07-13,695.9,Food,Debit,
TXN003833,UPL_030,2025-07-12,805.47,Food,Debit,
TXN003834,UPL_030,2025-07-27,523.41,Food,Debit,
TXN003835,UPL_030,2025-07-11,946.91,Discretionary,Debit,
TXN003836,UPL_030,2025-07-01,1289.63,Transport,Debit,
TXN003837,UPL_030,2025-07-06,661.91,Transport,Debit,
TXN003838,UPL_030,2025-07-03,814.38,Transport,Debit,
TXN003839,UPL_030,2025-08-02,56587.02,Salary,Credit,
TXN003840,UPL_030,2025-08-03,2157.61,Rent,Debit,True
TXN003841,UPL_030,2025-08-11,5658.7,EMI,Debit,True
TXN003842,UPL_030,2025-08-15,366.38,Utility,Debit,True
TXN003843,UPL_030,2025-08-08,292.89,Utility,Debit,True
TXN003844,UPL_030,2025-08-03,738.03,Food,Debit,
TXN003845,UPL_030,2025-08-11,621.14,Food,Debit,
TXN003846,UPL_030,2025-08-04,618.64,Food,Debit,
TXN003847,UPL_030,2025-08-20,1953.9,Discretionary,Debit,
TXN003848,UPL_030,2025-08-25,672.3,Discretionary,Debit,
TXN003849,UPL_030,2025-08-22,1046.61,Discretionary,Debit,
TXN003850,UPL_030,2025-09-03,56587.02,Salary,Credit,
TXN003851,UPL_030,2025-09-03,2311.35,Rent,Debit,True
TXN003852,UPL_030,2025-09-09,5658.7,EMI,Debit,True
TXN003853,UPL_030,2025-09-20,316.46,Utility,Debit,True
TXN003854,UPL_030,2025-09-21,389.79,Utility,Debit,True
TXN003855,UPL_030,2025-09-22,720.67,Food,Debit,
TXN003856,UPL_030,2025-09-07,550.44,Food,Debit,
TXN003857,UPL_030,2025-09-24,847.62,Food,Debit,
TXN003858,UPL_030,2025-09-13,2621.46,Discretionary,Debit,
TXN003859,UPL_030,2025-09-12,1171.39,Discretionary,Debit,
